gene,baseMean,log2FoldChange,lfcSE,stat,pvalue,padj
HES4,4.77334671856904,2.20672066709812,0.522694063276225,18.3735697641661,1.81559030176946e-05,0.000305286440335601
ISG15,668.668579741662,5.49952296104301,0.133100072129004,1630.32109979865,0,0
TNFRSF18,9.3297545516445,-1.34523569342517,0.322472131947772,18.7286909537339,1.50697922858127e-05,0.000259317854268855
TNFRSF4,3.22264937985531,-1.66435946813194,0.609788575729848,7.54194310518417,0.00602790010426941,0.0474849443410046
TNFRSF9,1.05969528815465,-2.31669680665664,0.887926764713744,7.74896617007877,0.00537432982128884,0.043315006163064
SPSB1,1.99078753733721,2.41970521516498,0.677394934180063,14.7518272150572,0.000122628629436543,0.00173222744140106
FBXO6,21.7407009100635,4.07265757192132,0.316059093316459,249.67638184371,3.0548615684283e-56,5.18934817713781e-54
ECE1,4.56617767430509,1.25253982426578,0.416270383589665,9.58174676531675,0.0019652134583557,0.0190066265132941
ID3,118.272688099095,-1.17410830985779,0.135747583908171,74.0080481614013,7.77991885056582e-18,3.70805484784162e-16
TMEM50A,41.8359774332623,0.667634778621909,0.137267446520435,23.8358614778521,1.04909608817198e-06,2.1254622581466e-05
SH3BGRL3,108.672985409234,-0.848164539317174,0.118450561868232,51.1933580216337,8.37013567528773e-13,3.06365463252935e-11
UBXN11,1.51242899400064,-1.89246921400441,0.709447145289701,8.10759724979602,0.00440801165682473,0.0365038465330798
CD52,38.1992252131409,-1.05780450565271,0.189388387006979,31.5910943019678,1.9030030955895e-08,4.84899827241554e-07
RPS6KA1,1.68485774421589,-2.62070002028576,0.777192459715612,13.1116216487453,0.000293469546096155,0.00375335085499426
WASF2,21.7016386417898,0.569941808394614,0.189403051470269,9.18102988450875,0.00244536384620237,0.0226264462026406
IFI6,233.457463934446,5.77227940464303,0.362163260430827,201.623145415916,9.23915419452981e-46,1.17710377959154e-43
THEMIS2,9.71567514790606,1.41323873599125,0.329433015930479,18.8643146414532,1.40353860396504e-05,0.000243414744797603
HDAC1,11.1237762064569,-1.23294746770552,0.26052384065332,23.3949743129766,1.31922745601657e-06,2.63249454702101e-05
MARCKSL1,17.8070028002379,-1.3896141279318,0.242985918535803,33.3249145599322,7.79772025177924e-09,2.05816321386604e-07
ADPRHL2,9.85400253794663,0.974475655389944,0.302022670119992,10.3913547789937,0.00126606694967187,0.0131468550808403
PPT1,5.25231816596381,-0.997615738200271,0.379409709040275,7.96706564355992,0.00476360981920591,0.0390580631834643
CCDC23,13.4907804816504,0.986165678982779,0.24205899445433,16.811928238849,4.12730553084266e-05,0.000635893003298432
PRDX1,64.4352201145213,-0.473375369427005,0.140866279480302,11.3177276389663,0.000767706047358968,0.0085913050063398
FAM159A,13.6782283409507,-0.793440654277619,0.251239924903512,10.1288607132417,0.00145965600625931,0.0146963845615014
TMEM59,63.2767227030162,0.384194031718896,0.119493077926486,11.3436516607096,0.000757063148790016,0.00848653698939739
JUN,37.2043209936354,-1.3601539826742,0.196320774601802,47.9924321421048,4.27867450865789e-12,1.46114528968343e-10
GADD45A,2.13433460512582,-2.62980929170383,0.92042468764624,9.26675596810568,0.00233350646453522,0.0217739159542899
SRSF11,18.3772406992088,0.672189073346495,0.215029876136422,10.4507276783733,0.00122601147671749,0.0129336401803397
NEXN,23.2390029009742,5.3903859655175,0.43704614883541,343.911022792777,8.9770474653171e-77,2.28742074837407e-74
IFI44L,68.7317525651746,4.6096912968757,0.446058165705313,92.074181533899,8.34875179514005e-22,4.80960701241763e-20
IFI44,24.1064575571302,3.70676098991115,0.316487601995521,161.73465369445,4.72780732577673e-37,4.6748841094434e-35
GNG5,64.8075887771623,1.35035273671048,0.126658691917301,115.752052092529,5.38595606148299e-27,3.83676977498116e-25
CTBS,5.05975006420452,1.14050751313943,0.399133622174709,8.48126533662588,0.00358822438458431,0.0312378272639567
MCOLN2,2.22444652465432,1.81326272545561,0.693303636940686,7.43473418215104,0.00639768132292876,0.0496889082818324
ODF2L,22.2331400518886,2.04427009501105,0.210096117237404,102.659264334646,3.9804568557177e-24,2.44171543232683e-22
LMO4,5.12613653022954,1.71492148479628,0.511261287691635,11.2708546024791,0.00078733474309884,0.00875183334400976
GBP1,76.2332203389569,3.90763589948408,0.216759724329397,343.930557649682,8.8895406015308e-77,2.28742074837407e-74
GBP2,82.8898359408915,1.558680988271,0.15905959572347,95.5958129868889,1.40904108733493e-22,8.40981730053508e-21
GBP7,12.8104816496285,1.96735397413778,0.358656161459972,31.2347675853118,2.28634427765292e-08,5.73751168161007e-07
GBP4,74.6580599330822,2.33139189809074,0.175020259823242,177.896211764102,1.39565239017221e-40,1.59417191118808e-38
GBP5,17.8499863317476,3.33769812073205,0.344483637120782,104.246720600645,1.78628420013678e-24,1.11642762508549e-22
RPL5,289.80107697583,-0.40469800760061,0.0739720051309273,30.0607100376346,4.1872951927972e-08,1.01614764294071e-06
PSMA5,52.6891847275065,0.81323379921446,0.134456523453317,36.934732870325,1.22150431451109e-09,3.45831883916066e-08
KCNA3,1.84705446639477,2.00807921940666,0.661738743125646,10.4296590967849,0.00124007630231841,0.0130139460581898
CD53,69.0136088674638,0.880219403197892,0.14006223812616,39.6288356660883,3.07114986278146e-10,9.37620637830746e-09
CHI3L2,8.47409243038417,2.45340842274631,0.373095136584575,48.1298678787123,3.98903643349474e-12,1.37642533186993e-10
ATP5F1,28.2878201207306,-0.559101061762767,0.163951841987768,11.8997072358329,0.000561427675527575,0.00666569596840534
C1orf162,10.4811581955585,-0.842582143125348,0.275610949936916,10.272964700055,0.00134993707670468,0.0138014400203217
MOV10,2.99455340581634,3.87952230429104,0.694052070613423,44.6200945901694,2.3922376810799e-11,7.76890913585995e-10
CD58,19.9845923236437,-0.909625843509618,0.250040489069925,13.5372227507417,0.000233878227164543,0.00308040408541769
RP11-343N15.5_ENSG00000269996,1.7684179403899,2.24744307120902,0.805861852114197,9.30411347598999,0.00228639916549699,0.021424886098186
RBM8A_ENSG00000131795,56.6720803281397,0.423151016348587,0.129753670356762,10.812857863493,0.00100797584802689,0.010911503256827
MCL1,29.0181146150998,1.2324663399792,0.177731090780352,48.8737655267918,2.72977664850624e-12,9.58401208636291e-11
CTSS,56.2491044671683,0.848477677239381,0.138775552325006,37.7600120356262,8.00050477342628e-10,2.32096239624075e-08
RFX5,5.59060053195105,1.20754611318541,0.431124495062875,8.2869328398988,0.0039931378170549,0.0340032622596256
S100A11,48.1047558999945,0.535277457032116,0.183570830258936,8.67087620220465,0.00323335691052021,0.0289082179921678
S100A8,1.33807761900271,-2.72976101575735,0.889560772604985,10.74326337683,0.001046596091433,0.011215153434133
S100A4,7.50578089319467,-1.20405076978112,0.375376259689601,11.0009471224012,0.00091065341110854,0.00993917437989139
RAB13,1.62805026283149,-1.79818729022346,0.691428512310748,7.98018104931995,0.0047292212078787,0.0388241517994999
ADAR,20.6761556360538,1.64029067868989,0.200149128895179,70.9615771722768,3.642500039319e-17,1.67580296947836e-15
CKS1B_ENSG00000173207,13.3526139129325,0.744987677128651,0.238061379300531,9.88014275018044,0.00167071976858301,0.0165696384234467
SLC50A1,9.97248234892116,-0.952760938891793,0.296167256193631,11.4086599915464,0.000731025402731797,0.00823646818554108
FDPS,14.5874340006724,-0.664253083995404,0.227508330777362,8.60512267037279,0.00335218789478537,0.0295715643181799
LMNA,11.4305255143209,-1.34858426172476,0.380652745004379,12.4893039202855,0.00040928866938237,0.00506829427038917
MNDA,20.7550624973169,4.47737122758152,0.405164547705494,159.411947817504,1.52101007078731e-36,1.4818664292597e-34
IFI16,76.6401195636746,2.26489471446549,0.147216980389993,244.028007922756,5.20534803201123e-55,8.41108066148156e-53
AIM2,15.8352123615829,1.41559716557381,0.3483892799993,15.9684834931113,6.44058263260907e-05,0.000952429909398104
TAGLN2,68.2816233530583,-0.65778037371427,0.128329425246511,26.3239703229312,2.88683429266924e-07,6.33287324136879e-06
CD48,65.2400443519817,1.62023644415185,0.150098788849787,117.505037147956,2.22534197299708e-27,1.62009786495666e-25
SLAMF7,7.06382566876178,1.31795580451023,0.453268280211046,8.76870260800322,0.00306443348290833,0.0276592259186208
PFDN2,30.1610934551918,0.708635618319598,0.160749765296976,20.0673501515966,7.47621705425632e-06,0.00013532769941106
MGST3,11.9121237011176,-1.0687101409371,0.331002909108002,10.4179823173103,0.0012479416246121,0.0130352691563899
TIPRL,11.1943090696732,0.787618964473093,0.247015324292316,10.334165461096,0.00130590155842995,0.013497032487673
BLZF1,5.80123199283692,1.98830753817122,0.387367807401448,29.2926915617635,6.22299570475669e-08,1.49917623796411e-06
SELL,76.4361647327402,1.99651295195741,0.13364868646968,228.924823618083,1.02287593844703e-51,1.47316371569817e-49
RABGAP1L,22.9695642586421,2.71085448839426,0.258369999802622,118.070060085413,1.67370501438515e-27,1.23203285781129e-25
KIAA0040,15.459903746655,3.34335131195502,0.326710167513196,130.824035651205,2.70557378632573e-30,2.13386027790571e-28
MR1,3.73235482015224,1.31145577073226,0.459557031467568,8.41637058743004,0.00371857362354915,0.0319527240674619
RGS16,2.24523355321635,-2.09372408644952,0.754312311423917,8.26969853631467,0.00403121993803987,0.0342395283198899
ARPC5,65.0803949856673,0.373778254204143,0.111226995730059,11.4129886009226,0.000729324141359801,0.00823129886969111
TSEN15,7.75540189791933,0.979291797305286,0.311691507273854,10.2118153566989,0.00139543747266119,0.0141579067226571
CDC73,12.7651791816327,1.03142198871505,0.269704464570264,15.0935411552824,0.000102312751540543,0.0014576816751744
DENND1B,3.85648819952507,2.63573820586963,0.577282889049953,23.3881303454571,1.32392940231869e-06,2.63394363073913e-05
MIR181A1HG,0.835040921791769,-2.88105113340784,1.07198065884173,8.42510557369668,0.00370075157536485,0.0318822876291185
RAB7L1,9.96066574150365,1.49129771898206,0.298140058397579,26.3495599111963,2.84883815363973e-07,6.29118425595441e-06
TRAF3IP3,14.9862037095569,-1.2961656016047,0.252853040330864,26.9011941216865,2.14126544103255e-07,4.90861022382029e-06
MIA3,10.3436043654322,1.01700452492721,0.274948515223365,13.8647431389216,0.00019644945046871,0.0026599022177499
AIDA,4.67096467363072,1.12717247960718,0.39551073469896,8.43098088309546,0.00368881303322823,0.0318547256852229
BROX,2.74393303434911,1.50259311791052,0.537936859229091,8.26260076454677,0.00404701092109638,0.0342857383021272
CAPN2,10.4415816022932,0.812191438969659,0.28876181687776,8.16904964056863,0.00426112276639436,0.0356889232962865
H3F3A,11.0064823120832,-1.12317145317365,0.269064021046905,17.9237977253251,2.29928044333419e-05,0.000380818323427224
ADCK3,3.41014435035533,-1.76637092414217,0.561421403078697,10.7388518306141,0.0010490940570683,0.011215153434133
TARBP1,3.65392345248395,3.7278687986449,0.631827562473819,48.8706215251843,2.73415590086429e-12,9.58401208636291e-11
CMPK2,28.4220661880075,5.73629252322815,0.430415069840825,461.9443180922,1.81457945522078e-102,8.01439259389177e-100
RSAD2,38.9248009302366,7.10779553992123,0.574590941901516,417.672882342506,7.83383205184962e-93,3.05289043197081e-90
YWHAQ,31.2194217418838,0.559856197638568,0.155162873651734,13.5075500769394,0.000237605539733789,0.00311094209631691
SMC6,17.795274004094,0.623747069431915,0.198474215777886,10.5232502913492,0.00117881969664354,0.012475527939718
RDH14,19.6872900247345,0.689512124636242,0.191286083952841,13.3697677199024,0.000255713023051482,0.0033217623092472
UBXN2A,6.9184624238246,1.6447083828094,0.357988394148636,22.7455912410108,1.84927915093621e-06,3.62469656063679e-05
LBH,16.3738490989337,-0.804934008647849,0.278178011522722,8.56999433055388,0.0034174822010051,0.0300276121772663
RASGRP3,5.09810580731759,1.17595088352569,0.377892342371542,9.94930194720503,0.00160910401144259,0.0161031934679867
EIF2AK2,51.1511584578402,3.28720441153735,0.180805267839355,402.554239608493,1.53078136567912e-89,5.33759291980219e-87
QPCT,4.01805887300781,-1.53982823711409,0.485939151286212,10.5859798169788,0.00113948489308725,0.0121173152756068
ZFP36L2,71.0844609243871,-0.957959659051958,0.158887404155999,36.1413670661108,1.83509638267762e-09,5.08682574696203e-08
PNPT1,15.4049343008894,2.36247324712953,0.274142043669404,80.5129728780639,2.88802643437668e-19,1.49477930685512e-17
BCL11A,8.60537162117214,1.68272329333487,0.33059821217691,26.7054882030163,2.36947555233939e-07,5.37595052542754e-06
REL,39.5711953826798,-0.537769758541341,0.163596439297613,11.2842024242547,0.000781694078658082,0.0087037365901005
B3GNT2,10.1284656847839,2.64739043023009,0.32865228535214,78.0595681299759,9.99795920282259e-19,4.94302087452983e-17
TIA1,7.10569695729527,1.37677211439196,0.345416765954603,16.2929668555613,5.42649887279002e-05,0.000818919249025828
NAGK,14.5295350665268,0.899080796211616,0.223415602738307,16.7904963635005,4.17418313227667e-05,0.000641623277293108
MOB1A,35.4334269807097,0.615516046576895,0.181896564567038,11.5344226119737,0.000683192926126847,0.00785790474928883
MTHFD2,12.7944764269927,1.28871856225993,0.256098174645297,26.0139484739847,3.38959537584459e-07,7.38686492268763e-06
TMSB10,275.254846506308,1.23447603070492,0.0798222151845103,238.107870873517,1.01690598088424e-53,1.53113684621774e-51
VAMP5,14.9475911413967,2.32610916335471,0.29737830409905,65.9611030440089,4.59910296894568e-16,1.99144164505001e-14
ST3GAL5,4.0337339736208,1.98422098517875,0.478333770524386,18.6828178817912,1.54367262672853e-05,0.000264480870687219
ARID5A,38.7307176051533,1.07941784069587,0.192929641921119,31.3198908275555,2.18826152925559e-08,5.51225575335297e-07
PDCL3,17.4658974382101,-0.674467769013082,0.206272412526849,10.8384008671896,0.000994165536377412,0.0107796181317518
UXS1,5.36026296104036,-1.03318934547125,0.361919793361335,8.44165409430748,0.00366722533668182,0.0317586507915256
IL1RN,1.71882091793355,4.37490625665568,0.841505509379034,32.6049467935109,1.12926962038443e-08,2.92242626369016e-07
CBWD2,8.83253161643435,1.59734728806371,0.380008000326385,17.5026220771274,2.86911717464874e-05,0.000460239740485421
ACTR3,48.6623091862178,0.617548806902387,0.14984359092484,16.9912488928129,3.75525023381738e-05,0.000586757849033965
DBI,38.432485956228,-0.432913312199918,0.1434401771326,9.74230492290748,0.00180074955586559,0.0176478784136236
RALB,2.23125844168562,2.18997445798167,0.658020895522058,11.927018954589,0.000553256359749471,0.00659230824341771
BIN1,4.11604117678596,-1.15325209836247,0.414147261887946,8.68599933787515,0.00320663708400617,0.0287083564329704
PLEKHB2,11.882754475872,0.854671783034799,0.251172919059256,11.8258135896051,0.000584151843042524,0.00684956807107384
RBM43,1.70447776319525,2.22563120169528,0.74652999196124,10.0011508347261,0.00156442431582574,0.0156890179578202
NMI,51.530374921006,2.30559710843819,0.168747016154726,196.783738566429,1.051283771239e-44,1.31410471404875e-42
RIF1,6.13346219011858,0.920971048497706,0.335073720312331,7.75031248078822,0.00537032482762022,0.043315006163064
ARL6IP6,11.1693315726529,0.929918562144918,0.288845628202772,10.7800055469196,0.00102602374070453,0.0110526947677521
TANK,21.8070242701507,1.2672513810022,0.196749572540717,42.2649704463485,7.97075234736575e-11,2.5133109136546e-09
IFIH1,21.1304948402764,2.9745988648629,0.249836093923859,171.308863268495,3.83092768819428e-39,4.09353160230437e-37
WIPF1,20.3510856093618,0.848480844845723,0.228199805018314,13.8620384582123,0.000196732390444899,0.0026599022177499
HNRNPA3,54.2131902210856,-0.352581871971385,0.129554371700541,7.51404847485402,0.00612196165152246,0.0481115017097702
ITGA4,9.22291371253625,1.54963313177848,0.323940557564707,24.0663738192312,9.30714565591083e-07,1.9208672887978e-05
INPP1,9.76402794605485,3.96798151497294,0.503548001639832,77.0610912236071,1.6575075844757e-18,8.01531952346826e-17
GLS,4.39801928187518,1.58475291361236,0.453809947926051,12.7991530569501,0.000346776305626427,0.00439272088867128
STAT1,29.0389236982608,2.89933245698629,0.232527006476428,174.792764937019,6.64448979416266e-40,7.21635162070944e-38
PGAP1,4.41337591985982,1.33775886702456,0.443436761465891,9.47878655634814,0.00207861408324632,0.0197834947727651
HSPE1,55.3230486581989,0.540236472684646,0.15005822134523,13.2218296277511,0.000276707373499836,0.00356651040746384
SPATS2L,5.96321116356513,4.701226114033,0.676348537073686,69.7257460980826,6.81507183577524e-17,3.113782821518e-15
CFLAR,28.9216763399855,1.33622119368059,0.194326769237143,47.6790326388198,5.02032321608301e-12,1.69692047482398e-10
CASP10,2.60464058850514,1.91782631447739,0.567942733616514,12.3094725873608,0.000450665296995637,0.00551877558705378
WNT10A,2.11433723002206,-1.8592615637345,0.627414276353207,9.59437610557436,0.00195174229400304,0.0189039366926464
TUBA4A,8.49900518703354,-1.27563505054218,0.297965553489296,19.2486746812844,1.14750009236242e-05,0.000201649552039815
DNPEP,17.2812995189813,1.11950384674188,0.229603129997624,24.5845262173265,7.11205429719879e-07,1.50534695587674e-05
ACSL3,7.11378303832603,1.17064428009009,0.336827201369033,13.0400817337333,0.000304894789873074,0.00386959383699065
WDFY1,3.76383894529641,1.90430449519779,0.49576513803618,16.3300335425196,5.321385815764e-05,0.000804889977841017
MRPL44,14.5164125192568,1.44805427345519,0.258090733312958,32.380609139293,1.26744925589082e-08,3.26725732306485e-07
SP110,50.705775165986,2.3215940484465,0.14489796679403,285.868543486783,3.95171154480658e-64,7.48002542409816e-62
SP140,23.1050506610461,1.60456198525953,0.249004329454459,41.905349772565,9.58001712818014e-11,2.97970016310767e-09
SP140L,8.07058428052154,1.05616619472578,0.308298394145308,12.2902114206058,0.00045534015172569,0.00555548527657956
SP100,61.1221620842562,1.17420298631825,0.130276728753011,82.1673931583496,1.25035696803106e-19,6.73464627089899e-18
UBE2F,13.6476461934536,1.5620660667857,0.301144473913199,28.0608474849093,1.1756030597139e-07,2.75207430056698e-06
PPP1R7,16.6447269951497,-0.776892424074629,0.220156551010839,12.5937698177438,0.000387034710538187,0.00482882289513275
BRK1,58.966618924127,-0.738482292510198,0.125786452921986,34.5990948696631,4.05094606327732e-09,1.09540888445764e-07
IRAK2,1.83392170724991,-2.4805950118195,0.753614111332106,12.3405782818557,0.000443217703532318,0.00543762460352149
SATB1,4.82287913483588,1.97419731154725,0.423636868013999,23.6074832539089,1.18127235246157e-06,2.37870192554952e-05
RPL15,1020.21831536834,-0.258432521470234,0.0631439702031946,16.7298020998168,4.30986363383146e-05,0.000660945522549385
AZI2,6.70881308661078,1.66712730966712,0.363033083880708,22.096955104253,2.59220589162856e-06,4.94909626283551e-05
CMTM7,18.0951431599961,-1.04996611038235,0.277502372281131,14.8023939214706,0.000119383855277247,0.00168999581455505
TRANK1,4.29675754296469,2.08063287635979,0.535519314940725,16.2341762914324,5.5975152773555e-05,0.000842807698010914
MYD88,6.56583427304496,2.38897415470575,0.421534918631213,35.6327679561136,2.3824606404787e-09,6.52223212527743e-08
RPSA,304.163432791889,-0.40709977642166,0.0660161161374418,38.0258482082447,6.9813573563167e-10,2.04652621617691e-08
RPL14,431.668811655851,-0.215308631168511,0.0794793290076092,7.63787208195134,0.00571553039872434,0.0452935273822353
TREX1,16.1791707998285,2.49438890746885,0.249791853937553,116.169770134327,4.36302010324036e-27,3.14184871564863e-25
SHISA5,8.2803109372189,0.855646773715803,0.279969648435709,9.74810377803432,0.00179507786175154,0.0176183567912651
IMPDH2,25.160473892134,-0.748611059809025,0.172071842790446,19.3649650001477,1.07969792109937e-05,0.000190239327853281
GPX1,12.4413906832276,-1.47146379166032,0.251091044632776,37.0556775329788,1.14803817669625e-09,3.26427163974791e-08
UBA7,1.96486441883695,2.61300090326148,0.737445985626263,14.3456916167827,0.000152127420138711,0.00210846058246644
TWF2,9.33248855295829,-0.816227862126621,0.293050165284776,7.90894227384939,0.00491910230193337,0.0401343014166362
ARHGEF3,4.2090617665804,2.35480502331399,0.473661093810176,27.9868239634895,1.22144300194524e-07,2.84931686193212e-06
TMF1,10.4538243676863,-1.23118150201386,0.308084164000697,16.5273195955622,4.7954135746628e-05,0.000728660892939015
TFG,15.6262119641767,0.637153479527476,0.216865653977674,8.65310628692255,0.0032650424326826,0.0290910489729807
BBX,24.8089337486284,1.21928221619854,0.212573430655216,33.9783992356006,5.57273202757896e-09,1.48868345494801e-07
CD47,68.4255563067859,0.827578006531537,0.128521335680732,41.4081503833198,1.23541224891972e-10,3.82458231266035e-09
IFT57,16.5301708607636,-0.682387928066357,0.211390550267622,10.5593320004382,0.00115602965389183,0.012254755049454
BTLA,12.8771873825657,0.621069737758791,0.230205684502202,8.13999314653327,0.00432994474357122,0.0360828728630935
ATG3,22.6257606300286,1.07648631736186,0.195071382655086,31.0213389166719,2.55207140291572e-08,6.35619287380325e-07
SLC35A5,7.32691449637015,1.43364518103079,0.325816225417164,20.3698465706967,6.38276491411588e-06,0.00011648985552622
NDUFB4,29.680741464169,0.647551473384588,0.161752413839768,16.005999928001,6.31420603247103e-05,0.000937928586661896
EAF2,15.9979267175444,2.91300379530817,0.304432967032773,105.830313271369,8.03273612051718e-25,5.11700738446407e-23
CD86,5.22548910036745,1.769513912669,0.509096509342586,12.4982905522265,0.000407324555677197,0.0050534179426244
PARP9,16.0324223455068,3.06224917813804,0.296540601095739,129.918736171942,4.26902061594376e-30,3.32732489183852e-28
DTX3L,8.48301611133718,2.98528129223154,0.387427704455685,73.56528434289,9.73620896558391e-18,4.60731317121381e-16
PARP14,42.4465173755725,2.21745456161801,0.179909118661782,157.165735558262,4.70906432617516e-36,4.45679302298721e-34
XRN1,26.5016143538348,2.81087718518221,0.226942781285666,175.235772759565,5.31765507079789e-40,5.871577474006e-38
PLSCR1,106.580619506646,4.13473249703641,0.172077342717016,680.832809471929,4.40370416078119e-150,3.64681750814692e-147
SSR3,18.2645396901005,0.695682039209598,0.21039763867261,11.0269380434173,0.000897973483506669,0.00981695433701597
TIPARP,4.5067577485213,1.75997521187303,0.463192165315518,15.482102755526,8.32901612090494e-05,0.00121274135826363
TNFSF10,112.663281442078,5.85909985131348,0.238657226957273,1251.65531152081,3.62538291009425e-274,6.00454044484359e-271
GNB4,8.57661614253535,2.49119659228202,0.346740787615325,59.5923989005995,1.16684975303495e-14,4.68507855385244e-13
LAMP3,8.43289418305023,6.57279490039697,0.74582115111678,148.215095080825,4.25708742505609e-34,3.71094791986797e-32
AP2M1,30.3465889990383,-0.5030885140896,0.163499384968254,9.55476914177626,0.00199430592811199,0.0191760185395383
MAGEF1,2.50512980332589,-1.66884533948056,0.5643029574941,9.8052183596281,0.00174017372746974,0.017104823359773
RTP4,9.56362634544077,3.37290550631738,0.398418552526,94.2639402554428,2.7613517930146e-22,1.61893412643555e-20
CCDC50,18.1530454442481,0.953557677954232,0.256198794262061,13.8982343355268,0.000192979673078422,0.00261985724209948
HES1,2.67973793851991,-1.48398251445458,0.53954690079302,8.09871504618179,0.00442966505925224,0.0366307118799534
FAM43A,4.371720598258,-2.08520418492947,0.458448521606921,23.6285444600764,1.16841394273154e-06,2.35998243005989e-05
FYTTD1,14.5517256163935,0.807634600169308,0.227090381066645,12.7295266270925,0.000359927633502901,0.00453330907216106
TACC3,4.47774009360463,-1.48306034336708,0.476758736040861,10.716267928593,0.00106197659235656,0.011329460425704
CD38,13.0760530285843,4.80255046307445,0.494657706249955,162.262495849875,3.62527740494099e-37,3.63900951632334e-35
LAP3,45.8409226829276,2.9998308810587,0.204539061270345,231.427538867723,2.91087972306282e-52,4.28546181450915e-50
PI4K2B,6.57032917923109,2.58026797917218,0.429163380273017,41.990338631894,9.17254969784653e-11,2.86642178057704e-09
SMIM14,27.5812905361735,-0.982646372843408,0.180246509366966,30.7896598726277,2.875660797033e-08,7.13530066679537e-07
RHOH,49.5450771686831,0.730015600489394,0.165279054817392,19.7907976783069,8.63976397875687e-06,0.000154281499620658
HOPX,3.47614203505187,-2.12919451049543,0.545038172689263,17.0396502872401,3.66073534088132e-05,0.000574700749605183
STAP1,9.10030008700225,2.04421985170473,0.312501834445337,47.2630139461715,6.20724899668269e-12,2.0769204344961e-10
DCK,36.3894384328405,1.34057841613084,0.153759537613314,77.7798587832988,1.15188769068491e-18,5.65278218576854e-17
IL8,1.89093727839202,-3.26395228767231,0.772746961008398,21.6112173088724,3.33893358939974e-06,6.28421449709467e-05
CXCL10,383.891618341074,8.69690949546894,0.59572601802592,150.748746313219,1.18933509785753e-34,1.06477635450083e-32
CXCL11,22.3676901925996,7.99238162759695,0.89535765598144,80.7222971569941,2.59774394483403e-19,1.3551223334272e-17
HNRNPDL,45.7131287870223,-0.608274493321217,0.1407808027857,18.7752401593489,1.47064028564153e-05,0.000254386211289169
PLAC8,47.9476200048624,3.21329789222198,0.352181575427826,77.726089998104,1.18367482240644e-18,5.76606301356081e-17
PPM1K,55.3775878169219,2.61813986020308,0.171027938071613,251.075670855203,1.51333720083834e-56,2.6383839356721e-54
HERC6,9.72265531323483,4.50119359019602,0.503940239871516,144.045707601382,3.47214269967211e-33,2.98739550458802e-31
HERC5,57.391433050321,5.37687264227409,0.295391910411905,572.356819891247,1.72443510183702e-126,9.52031879139188e-124
DAPP1,19.2467863631978,0.982257407586202,0.227479923527078,19.0389356448988,1.2807822871076e-05,0.000223294280318101
BANK1,32.2854708802523,0.875120185010958,0.223738673318775,15.2601840099141,9.36703242235351e-05,0.00134905629995852
UBE2D3,85.8050117074253,0.49310773741404,0.100181410462499,24.3418074647383,8.06690940418469e-07,1.68590772248339e-05
ALPK1,2.46483371755754,3.12027251821542,0.697139118136943,23.8562331688919,1.03805205742679e-06,2.10953830688726e-05
LARP7,13.9297770196406,0.667417125982734,0.254768436922912,7.90388935595576,0.00493286191596793,0.0401476783701321
C4orf3,47.9051677961053,0.618266999696914,0.146756468948402,17.9141375094028,2.3109804605741e-05,0.000381801634695847
EXOSC9,8.04513565962776,1.03672048242475,0.366789272633214,8.6384188244396,0.00329146974151853,0.029191415043588
SCLT1,3.73503691284198,3.29797210099878,0.606689201087587,37.1081706818304,1.11754468078618e-09,3.20507944164868e-08
C4orf33,0.720449799090707,2.4699099020306,0.939826757144007,8.50664223405875,0.00353852411613465,0.030967929021654
RPS3A,949.124647856531,-0.277158350539042,0.0572088780659144,23.4289250278632,1.29614906057356e-06,2.59425605024164e-05
DDX60,8.54568809602757,3.77797622355477,0.445239036025944,107.906984629843,2.81692849175004e-25,1.82962267233765e-23
DDX60L,18.4920892133001,3.71684419157991,0.30691056127333,209.521003080953,1.74730979362884e-47,2.31518547655821e-45
HMGB2,16.2774597859512,-0.61416705921878,0.211819068689295,8.49183620839628,0.00356743580464523,0.0310977134286509
IRF2,18.0804728072368,1.5525756980089,0.221767216081132,50.82678942834,1.0088727781731e-12,3.65233997562666e-11
SRD5A1,3.21595636809571,1.46359599084816,0.482327682524176,9.92843450136134,0.00162744891815955,0.0162622158111719
SUB1,83.2403541653886,1.80022272244319,0.126006511573418,207.193048719963,5.62706873592876e-47,7.30967262265255e-45
TARS,13.380847885523,1.00825381505467,0.271801458577922,13.7286610053332,0.000211206684987494,0.00279848857608429
ANXA2R,14.3644232203854,1.92753983850854,0.275897784793107,51.0229815060694,9.12908570261232e-13,3.32308751537399e-11
GPBP1,51.578576544426,0.735480576116708,0.144421009963874,25.8426116734221,3.70419848894912e-07,8.04600491452063e-06
BTF3,187.282300373581,-0.253789939828423,0.0746019170481715,11.6162977946103,0.000653764041412181,0.00754562155811097
HEXB,8.38114188523568,-0.95331717374877,0.336735370616684,8.13251220215533,0.00434784625849254,0.0361411310696526
AP3B1,12.3467639729912,2.28025615685824,0.331476616731203,49.6266357664268,1.85971654452826e-12,6.65979573378362e-11
GLRX,17.2953137672967,1.6950969730619,0.220354032913107,63.4466926786928,1.64765807191525e-15,6.90869286483453e-14
CAST,32.2071381185389,1.31519053005244,0.172279871524562,59.5025402294156,1.22136367979029e-14,4.87441830036788e-13
DMXL1,4.01036613117986,1.20802525738986,0.453844431165836,8.06263313332093,0.004518746525749,0.037281065670096
TNFAIP8,36.154292195293,0.784951695497239,0.185218626422987,17.8331224957514,2.41148670515935e-05,0.00039468582928961
SRFBP1,7.00750921073753,0.970841031049079,0.326501122384621,9.19179133591952,0.00243102860757888,0.0225252650702239
SNX2,61.2754474004049,0.830564647494255,0.174241344002016,22.5436605945887,2.05421290954461e-06,4.01450163000976e-05
LMNB1,6.63058169345958,2.16652222631818,0.365571636079229,39.4142924479925,3.42778846329653e-10,1.0322317531518e-08
CDC42SE2,21.7574468233661,0.603695769142297,0.216375008746815,7.83254987606385,0.00513136606030314,0.0416099145036821
C5orf56,21.2323547164011,2.55406695565259,0.225336254099508,149.677736452178,2.03891613628476e-34,1.80104258705154e-32
IRF1,50.5217359469275,1.33070888765232,0.159139757488306,71.4886857356196,2.78852547915001e-17,1.29188680415166e-15
CXXC5,6.88624971721798,-1.9688396791072,0.407526792488294,24.7004785601207,6.69675437973379e-07,1.42198710787617e-05
NR3C1,38.6753421407675,0.583648023518438,0.156524742261771,14.0631113936571,0.000176777093208483,0.00240482185319548
ADRB2,3.31661168697859,2.36955138950504,0.592182074052006,16.8839359337795,3.97364575555082e-05,0.000615079512395425
ATOX1,9.79003952875514,0.771776342368602,0.286323098946929,7.71386807367982,0.00547982083687817,0.0438953703770613
ADAM19,1.05438276967534,2.35583071377466,0.891858632047078,7.90407762208547,0.0049323485453115,0.0401476783701321
MAT2B,25.1737700190233,0.586002598565371,0.180052470839201,10.7380141229499,0.00104956907609999,0.011215153434133
RGS14,0.684358462513042,-2.66121441372253,0.990048922159613,8.86414782098416,0.00290825985715804,0.0265023680243082
GNB2L1,392.737459186769,-0.314274217958765,0.0826726738469942,14.4255697503303,0.000145809024676442,0.00203365218627668
RP11-420G6.4,3.87594559129744,1.72253346565276,0.4728779618093,14.2473225100696,0.000160288681732431,0.00219403412495321
GCNT2,4.48361104654056,2.62225386909754,0.488935925702209,33.9047528868183,5.78771384730539e-09,1.53990378467463e-07
TMEM14C,8.92742841400714,-1.03039416970308,0.296356229059363,12.2915272769128,0.000455019230182082,0.00555548527657956
NOL7,36.089054071763,0.424774411894246,0.148807928508254,8.16962693280682,0.00425976675581874,0.0356889232962865
GMPR,8.91749176558769,4.79926383067911,0.574090697748988,119.674964858257,7.45236099530663e-28,5.54740354987713e-26
DEK,37.3177654529004,1.48855239030422,0.168601597780287,79.6313308646185,4.51213348217462e-19,2.29945263995437e-17
FAM65B,11.8143791956663,0.84179871795983,0.272547917971252,9.56739865249673,0.00198063238908283,0.0190722232233631
TRIM38,13.4769849657269,1.16487808563626,0.253180453377507,21.5142096606462,3.51216529827144e-06,6.57290822063511e-05
RP1-313I6.12,2.56325163567068,-1.67034232206533,0.54682809763818,10.361651348219,0.00128660064108816,0.0133391694009531
HLA-F_ENSG00000204642,40.2802050344274,0.695063930680864,0.203188988932178,11.8761064365204,0.00056858681640147,0.00672658510474954
HLA-A_ENSG00000206503,658.209837496321,0.50252826606616,0.0930928511884917,28.9772538594349,7.3233180604626e-08,1.74024009604667e-06
HLA-E_ENSG00000204592,255.076327284527,1.03098472325542,0.0771658377351017,178.012796677032,1.31619569385972e-40,1.52978885470538e-38
TUBB_ENSG00000196230,25.6007307716778,-0.852087542696609,0.207146101970092,17.3692040659958,3.07772582757013e-05,0.000491323701389207
HLA-C_ENSG00000204525,608.642209240512,0.6586966859631,0.221402153343113,8.79387747930798,0.00302243158735686,0.0273920783395885
MICB_ENSG00000204516,2.84367620048076,1.5082915270009,0.522739238570677,8.79431741747344,0.0030217028146964,0.0273920783395885
CLIC1_ENSG00000213719,163.346896575272,0.913061975564867,0.102458225970369,79.0812107039546,5.96085555882007e-19,2.99171727857447e-17
HLA-DQA1_ENSG00000196735,133.649614166627,-0.444056273740546,0.119153771202685,13.8543878956687,0.000197534950181795,0.00266182274899203
HLA-DQB1_ENSG00000179344,133.720612176408,-0.708769634818284,0.119501885688679,35.0040449562005,3.29021124191207e-09,8.93346290068339e-08
HLA-DOB_ENSG00000241106,9.22296532439209,1.39117488312294,0.36796711222342,14.2491386562142,0.000160134079254933,0.00219403412495321
TAP2_ENSG00000204267,17.0210400972569,1.81448714403156,0.254732029230545,53.0960733289421,3.17626762263749e-13,1.19561210227122e-11
PSMB8_ENSG00000204264,92.7001726882357,1.39682762418478,0.108431330248324,168.678981033142,1.43779393408631e-38,1.48834137708153e-36
PSMB9_ENSG00000240065,212.484105272076,2.02805110433463,0.0979492979794681,429.278329106107,2.33324290241419e-95,9.66108389280875e-93
TAP1_ENSG00000168394,48.2716073075692,1.87151948409021,0.152117640041829,159.083964600113,1.79388469037993e-36,1.72238928605319e-34
HLA-DMB_ENSG00000242574,21.8929241607867,-1.55018610521277,0.243589269289438,42.5079030625394,7.03972029008507e-11,2.23149028334036e-09
HLA-DMA_ENSG00000204257,45.458137147347,-1.12021782731708,0.182602359484652,37.9727399359438,7.17400161330931e-10,2.09373395102089e-08
TAPBP_ENSG00000231925,33.3080524780209,0.599872844125652,0.161381673201291,14.5315475405268,0.000137831985017177,0.00193052198887695
RPL10A,449.79630698043,-0.336127084776949,0.0700125761992457,23.0685880163515,1.5632385155818e-06,3.07313209665562e-05
FKBP5,2.25584722571278,1.82170140602944,0.591354076389669,10.2635998836995,0.0013568066814135,0.0138289911759453
ETV7,6.30174849004938,5.14134581273849,0.93119611774296,31.4744736057124,2.02079436874615e-08,5.12941099346485e-07
FGD2,4.5420695529207,1.66329918749108,0.47050948451822,12.7937130333126,0.000347786154570591,0.00439710548479039
PIM1,9.15506602015977,-1.39110753069379,0.350196800127972,16.0473426241827,6.17782670783324e-05,0.000919732627851578
CNPY3,21.5682051049142,-0.552543309573169,0.177103651062064,9.80645107101337,0.00173900767191142,0.017104823359773
DNPH1,19.4542285934392,-0.970925667037272,0.22630683942206,18.6812191402063,1.54496750122194e-05,0.000264480870687219
HSP90AB1,191.959317406921,0.408025540967628,0.11802028932827,11.9231961672134,0.00055439282177934,0.00659399002565194
CD2AP,5.20512158081074,2.31266475806798,0.508480176699899,22.3616156998826,2.25842930852805e-06,4.35605664029369e-05
MB21D1,6.29198534562822,1.97561601608977,0.418687806912012,24.5508396678861,7.23747969983477e-07,1.52701601947151e-05
EEF1A1,266.534576727384,-0.708021141387591,0.0730602371745663,93.5419146745306,3.97688895659427e-22,2.31113064363483e-20
COX7A2,63.9004111619729,0.345294265727162,0.115362366325159,8.95856570060637,0.00276171628862912,0.0253763805994007
FAM46A,13.0598777999647,3.06776860435109,0.320898839356208,114.103711304014,1.23668172242557e-26,8.53439209486397e-25
UBE2J1,7.77177365953883,1.02385693763221,0.353753281349999,8.4954909201482,0.00356027700617024,0.0310761991645294
SOBP,2.95621061973868,5.06944676308339,0.803415667815943,51.7024963859511,6.45805843282966e-13,2.40093376637658e-11
SCML4,2.46911683788786,2.84065990650808,0.658180637534048,21.8918504449454,2.88456350198975e-06,5.46006662876631e-05
CD164,55.4835094950492,1.51065493456933,0.141883144919209,115.457652427558,6.2479089447186e-27,4.40344646369795e-25
FIG4,3.31550232923414,1.61140176999715,0.501287002140786,11.0433085490062,0.000890078732306901,0.00976286688995566
NCOA7,2.94466875225346,3.40114990014818,0.638603971612731,38.5755041401585,5.26759107468225e-10,1.55793709240044e-08
L3MBTL3,4.57041109670403,1.66172360893485,0.44997903028079,14.4064299446069,0.00014729849729947,0.00204581246249264
SLC18B1,3.25893482866806,1.82748203299303,0.513827645023519,13.808805612071,0.000202385464803233,0.00271417753911218
RPS12,637.341565950295,0.186689226947794,0.057822587770906,10.4167031106856,0.00124880634374892,0.0130352691563899
IFNGR1,20.3944694926339,-0.616038577707758,0.225860057494871,7.4542188678784,0.00632879371206606,0.0492115708244573
UTRN,4.16136803341231,1.89949649579231,0.465274033980636,18.1771430551527,2.01280063069228e-05,0.000335045331113978
DYNLT1,62.3184196020133,3.09704736825822,0.172518977673888,360.014407453862,2.79541813654745e-80,8.05201963244646e-78
SOD2,24.6655754841197,1.5244276495503,0.209878836780894,53.9432609034651,2.06363611369125e-13,7.81233671611689e-12
CCR6,9.69695303160124,0.833697525449352,0.282797291721373,8.85744692898885,0.00291895554785504,0.0265268594026607
CHST12,29.4805268817217,3.57144640737397,0.282404846617565,184.705315874581,4.55124647869209e-42,5.38428712880984e-40
WIPI2,10.1664688801687,-0.765698887127694,0.256054225321001,9.30847190024261,0.00228096646777391,0.0214042533271985
ACTB,479.216134735465,-0.326316817009852,0.0849577686028664,14.7141851854566,0.000125101566896704,0.00176339974615034
RPA3,33.9581604454885,0.560619658990534,0.184261494373929,10.3039816426986,0.0013274348577152,0.0136345053214933
BZW2,8.20037735492981,-0.8683877085344,0.323016438397531,7.42665218039761,0.00642647918251928,0.0498541271477637
TSPAN13,16.3997530522025,1.60378437412003,0.249541866215252,43.3366992740438,4.60858264238889e-11,1.4678778848955e-09
IL6,3.71616434673299,1.6715549867414,0.592757088919885,8.62402091673972,0.00331758708332877,0.0293837091270763
CYCS,41.0174318792791,0.543287256660349,0.17643587844688,9.57485217174752,0.00197260735702652,0.0190225964196517
SNX10,9.69286127801855,0.922201304066256,0.286858506273542,10.6054447688081,0.00112755131405905,0.0120096904431531
NT5C3A,51.4235940130469,3.96778191667955,0.204642301481491,536.048754497403,1.36465675136285e-118,6.95450075213759e-116
SEPT7,83.481858143468,-0.38524761449582,0.125546380736795,9.57859731279032,0.00196858750131378,0.0190115046591892
PSMA2_ENSG00000106588,108.532867441968,1.66030619610699,0.0952944735128299,315.846041513758,1.16343348716841e-70,2.56924895083023e-68
MRPL32,29.1996038317217,0.792274707169499,0.174477009287886,21.0671079658471,4.43475548918412e-06,8.22976333777166e-05
STK17A,62.9653899919288,-0.525743372450709,0.124258266368155,18.181923849767,2.00775421095419e-05,0.000335045331113978
POLD2,14.556995074484,-0.702658827744766,0.238127432835878,8.86095654463841,0.00291334866884847,0.0265122732570345
CCM2,9.14010238238913,-0.899702949523631,0.278757562180378,11.4826137163116,0.000702502658671854,0.00799670122629043
ZNF92,6.82158695475106,1.4872004935918,0.335618762628815,20.6392426333058,5.54478504619882e-06,0.000102039447030742
FGL2,1.88520838161163,1.95148941591302,0.697864832948445,8.75074349041335,0.00309475856811033,0.0278949326717428
SAMD9,47.2561241716546,3.02987451752793,0.177767259431537,342.934873801147,1.46458728854457e-76,3.59366325429918e-74
SAMD9L,61.9338178669952,4.06334702884838,0.224830265896981,381.236396212811,6.69544577914408e-85,2.11225372794426e-82
STAG3,6.14658815894352,2.13077284671522,0.44427810918941,24.469012978241,7.55146121473964e-07,1.58317818188766e-05
TRIM56,2.82685702474848,1.42326283245798,0.552545580459642,8.01826473468873,0.00463079189261393,0.0381105543957358
ORAI2,31.7747785267461,-0.546753714177541,0.169305484270808,10.5592051863574,0.00115610896692962,0.012254755049454
SYPL1,18.1814452765279,-0.713676664333772,0.207130535880575,12.3570960790242,0.00043931347978939,0.00539972505306997
NAMPT,10.9750996610392,1.35436949469277,0.268170044563977,26.4310374268106,2.73116494798632e-07,6.09224504390887e-06
CAPZA2,14.9610616099555,0.859907094076491,0.219230138400286,15.6100482963449,7.78398421609082e-05,0.00113587875400004
LINC-PINT_ENSG00000231721,6.76231069639292,-1.16124034382138,0.355471585484715,11.6622790135754,0.000637801597370835,0.00740006231625531
BPGM,4.75301454137929,1.15286428922472,0.382325831245044,9.84334971498782,0.00170446833581143,0.0168287671009698
TMEM140,17.3241067040323,2.21352237704826,0.243701300087615,90.4567421713694,1.89065569938931e-21,1.07056359046617e-19
ZC3HAV1,9.82507198615319,1.40015899940484,0.302093016367116,22.1361389709001,2.53983148184142e-06,4.8631166379189e-05
PARP12,13.5851222649081,1.71788668143698,0.240378943887915,54.561148215483,1.50685405944037e-13,5.7373035309152e-12
MKRN1,22.0307030600356,0.625195365796401,0.197130149091622,10.1342055206021,0.00145542960979815,0.0146761357152401
GSTK1,21.2292678424372,1.0806379005515,0.183946839830248,35.4004379838411,2.68426516187771e-09,7.31821263269128e-08
NUB1,28.7474645320564,2.44056426477642,0.191150431963876,186.673620133488,1.69215791282732e-42,2.03828112226927e-40
MSL3,15.285915812268,1.06730664909021,0.227258401513309,22.4467254456413,2.16053510251652e-06,4.18524709186314e-05
TLR7,4.94898475782874,5.44015383572643,0.75423203403645,81.6372944738561,1.63499542961972e-19,8.73535864615373e-18
TMSB4X,2670.38735015931,0.404714522821469,0.0731338597758187,30.490971764587,3.35423852615397e-08,8.1999373563727e-07
OFD1,25.102981223092,0.880467506987716,0.179801808051894,24.2744412707133,8.35402483713151e-07,1.74042184106906e-05
RBBP7,17.5805584778774,-0.608801588040082,0.223541236878987,7.4986401260626,0.00617455991293694,0.0484100111517246
SCML1,2.5356801843248,1.78024665077793,0.632483119354027,8.31910763629228,0.00392301878639306,0.0334922673451727
SMS,12.1299466084703,-0.992019631037588,0.328146688943979,9.32009886267294,0.00226653764308007,0.0213292782463146
PRDX4,30.6063636554677,0.575873071064441,0.153754409129052,14.2544271156165,0.000159684745075135,0.00219403412495321
ACOT9,8.76834543625461,0.913360916275118,0.316944824904774,8.46885167235712,0.00361279432077347,0.0314104493111867
SAT1,179.206452395593,2.18562492038402,0.138131845653497,241.331146979994,2.01585524762338e-54,3.10582349197789e-52
CXorf21,6.2943862345686,0.956452697525019,0.328543898583789,8.86951186102422,0.00289972668675723,0.0264610045451331
CXorf38,4.53247399928751,1.50520432466196,0.444368193801521,12.1844387422149,0.000481898364013641,0.00582586982042039
DDX3X,12.0868103532659,0.765750594244438,0.251542638209629,9.31743564636417,0.00226983444395442,0.021330004526522
RP2_ENSG00000102218,2.65287853902548,1.69863899504941,0.54580309648916,10.2823104474356,0.00134311655972101,0.0137742216844454
SLC38A5_ENSG00000017483,8.24664782819853,2.81810665609649,0.402832915705122,57.431351359723,3.49983863723937e-14,1.37197816400656e-12
PIM2_ENSG00000102096,14.4197670308633,0.835912865568997,0.227624386461473,13.5794391344066,0.000228676552259452,0.00301789274645193
GRIPAP1,4.85389217204897,1.09170685260739,0.388926188836584,8.27149861095724,0.00402722514332724,0.0342395283198899
WDR45_ENSG00000196998,6.54619387616534,0.7790002944594,0.312018486941492,7.72075694716503,0.00545895035901212,0.0438370256102488
PLP2_ENSG00000102007,51.587303862148,-0.554282819631613,0.171607020786754,10.4290411154731,0.00124049130622608,0.0130139460581898
RPS4X,1220.55361088479,-0.211944409738867,0.0754496430942646,7.87921169190633,0.00500062733148208,0.0406492712528451
ITM2A,7.24956312892609,-1.1149323219603,0.336996812654044,11.370563149071,0.000746172511151442,0.00837863201081069
TCEAL4,6.35584547247301,-1.0236768011954,0.375167694422529,7.53126108056958,0.00606374474045298,0.0477105806478634
TSC22D3,28.2791054023989,-1.4543884851588,0.22200845726213,43.3625236868237,4.54815960572854e-11,1.45563079168848e-09
SLC25A5,71.3356876014065,-0.342448011047421,0.12036764749645,8.4193846102702,0.00371241425120142,0.0319412265119603
SEPT6,26.4978614348243,0.541334851902948,0.17592896519291,9.49799229341612,0.00205696850033838,0.0196643814065538
SASH3,3.68278494597399,-1.51252367559878,0.518598339595377,9.07270335777837,0.00259453222051462,0.0239397993884532
FAM58A_ENSG00000147382,3.98260641428159,-1.47965250948709,0.447658773086906,12.7163172586064,0.000362478878823456,0.00455677907439354
RPL10_ENSG00000147403,1571.54941555915,-0.390794627914538,0.0663825903562892,34.5302071391154,4.19687452998323e-09,1.13025584394874e-07
FAM50A_ENSG00000071859,8.11128761995902,-1.11158040532224,0.353793587144268,9.92148925291386,0.00163360147463576,0.0162991110985872
LAGE3_ENSG00000196976,11.8324523912665,-0.763892134794264,0.253554109383869,9.40719082939036,0.00216136110540959,0.020426558235861
UBL4A_ENSG00000102178,2.61111787651808,-1.56256507670209,0.552494942213331,8.60238429215138,0.0033572319314149,0.0295766775872655
BLK,9.66736549518047,-1.21000047768361,0.299580050182085,16.8665816077914,4.01014452749472e-05,0.000619282225982576
ADAM28,21.4156963484804,-0.812392529452431,0.261302368198186,9.62026009173087,0.00192442477324228,0.0186940089776101
PPP2R2A,16.3553824580774,1.21683738303208,0.248152912548475,24.2455630140868,8.48022130283116e-07,1.76117448687324e-05
BNIP3L,8.65969538939571,-0.920162731212115,0.305872014054465,9.87413833301905,0.00167618076247427,0.0165989500020807
TMEM66,144.743425296259,-0.537550530819284,0.100314623290632,28.8251901080762,7.9214118132299e-08,1.87426261652314e-06
LEPROTL1,11.0801478199638,-0.967163088240036,0.260505880089819,14.1382924155258,0.00016985082998168,0.00231535339223998
GTF2E2,10.6077612790497,0.95282765006704,0.281503830725106,11.8955884293408,0.000562670499409929,0.00666850099926795
EIF4EBP1,10.4807383255546,-0.833167703676654,0.262836279220101,10.2661865586149,0.00135490568413703,0.0138289911759453
WHSC1L1,27.9419456563806,0.488750373049918,0.17193420625961,8.12009784717024,0.00437771960325027,0.0363438500896404
IDO1,6.7770141397857,4.28219795059808,0.576958081969112,82.6490367589061,9.7995555554109e-20,5.36545913674357e-18
LYN,24.0492852394684,0.794724314530165,0.179868835799561,20.1287959745323,7.23984125342634e-06,0.000131408077545067
TRAM1,36.4084141491537,0.51906445596205,0.144448131183965,13.3257811413551,0.000261781834434018,0.00339306929943003
RPL7,903.7541292786,-0.385963092890296,0.0552056852239162,48.7796644954858,2.86393910326009e-12,9.98610345215691e-11
RIPK2,9.46197521082918,1.17909213572786,0.30743221848985,15.0874950328786,0.000102640975852529,0.00145921988202362
DECR1,16.9827518936533,0.886311303527485,0.224685153368274,15.6237830346884,7.72765111651411e-05,0.00113264797891385
PLEKHF2,11.6085412336649,-0.830247777163242,0.244952460963208,11.8575300800448,0.000574286601354969,0.00674583108861112
RNF19A,5.97696876349855,1.17059551606565,0.350368910534791,11.5127657071764,0.000691198608146365,0.00793620585609994
PABPC1,288.627534885397,-0.431357934866177,0.101950686409617,18.2066327769452,1.98187432893344e-05,0.000331563571444042
KLF10,6.65387886979706,1.22444814661841,0.435261550801835,8.26449483917912,0.0040427908740101,0.0342857383021272
NUDCD1,8.13037416134193,1.55908084761065,0.33954899515709,21.6028539041911,3.35352468033946e-06,6.29379631933396e-05
ENY2,26.9251222154862,0.572781112157712,0.173572794899526,10.8868132139503,0.000968513204921355,0.0105186884960721
DERL1,12.4439379696348,1.06748441269158,0.268043763592646,16.0911064950657,6.03668661454716e-05,0.000902777625764671
MTSS1,9.9375532632977,-0.977872997943489,0.28007578702721,12.5478084737403,0.000396671238667283,0.00493048209412898
TRIB1,4.3245504316151,1.94930988004844,0.51419084675224,15.1630613662838,9.86137694610852e-05,0.00141105015697557
EFR3A,6.78106417819496,0.971265267688178,0.33629426947558,8.61615239547706,0.00333194924115623,0.02943221829688
LY6E,163.351670263676,4.16923045055656,0.140042679741403,1055.08047082857,1.91457946063065e-231,2.114014821113e-228
GSDMD,14.1628063607745,1.54803232524699,0.250639134760737,40.360789567446,2.11136202246618e-10,6.50594111573882e-09
EEF1D,297.772869816285,-0.246050966874989,0.0864052969138875,8.10770770976498,0.00440774305246738,0.0365038465330798
PARP10_ENSG00000178685,3.16029652765497,2.78398406457676,0.626302272194103,22.5061649077622,2.09470256920549e-06,4.08158956499599e-05
CYHR1,1.66993469038834,-1.92587136409851,0.690105802762936,8.70792595067407,0.00316829469848945,0.0284802610278055
CBWD1,8.74943003433578,1.60535435365142,0.440881153437538,13.2143216147869,0.000277818037281001,0.00357387280968278
DOCK8,6.86209472103264,1.08678483102878,0.364074840762578,9.24063221342664,0.00236703216154202,0.0220247023458088
JAK2,1.36071826556983,2.66992914594967,0.822653699052471,12.1726196825505,0.000484961471952904,0.00585222176992348
TTC39B,1.13802435463127,2.81469162830322,0.867244862583156,11.6684369169417,0.000635693970106404,0.00738854833676303
PLIN2,6.97548442606664,-1.00599328102943,0.367458903136063,8.2125153828146,0.00416024402358433,0.0350740411729287
RPS6,1498.84221422774,-0.253780270019599,0.0537963993235815,22.2298469294348,2.4188429226586e-06,4.64487952539513e-05
DDX58,33.9795110606817,3.94113633291743,0.254754868026716,338.155851826554,1.6087791478968e-75,3.80648637672011e-73
DNAJA1,105.464196651816,1.13138469069843,0.108411196622203,109.917417385635,1.02159289114121e-25,6.90617643245968e-24
BAG1,23.4651675205883,1.57082101470487,0.201788224201134,63.0236856556695,2.0423577272135e-15,8.45663746424339e-14
CHMP5,27.4358720311,1.30898346300097,0.172254539341216,59.6561989058754,1.12962891179216e-14,4.56328752477015e-13
GLIPR2,4.11559553341579,1.53695353536856,0.42799761614419,13.5143156445794,0.000236750453162796,0.00310588465782876
GRHPR,7.00222573634579,-1.44312929182116,0.393993669647665,14.4173927051857,0.000146443503331889,0.00203821052431463
SUSD3,1.87246105891494,2.68655294930608,0.749246456864428,15.100442377128,0.000101939397390379,0.00145549247351565
TDRD7,5.56849844143227,2.27403560131902,0.452860247950032,27.7922793772461,1.35064028913907e-07,3.12866850193927e-06
TRIM14,5.31318379981894,2.61555445950017,0.466548965692531,36.6491853340036,1.41418105243233e-09,3.93653339174965e-08
STX17,3.99938127353131,2.52128025218449,0.548564138869685,23.2440846578493,1.42688650694032e-06,2.821827793576e-05
ATP6V1G1,85.7452329882441,0.418414074677932,0.103124249112204,16.5626792861984,4.70682237842577e-05,0.000716843638093579
CNTRL,5.95900403857621,0.956680283958126,0.335172489689906,8.3159520468971,0.00392984004902514,0.0335073234553302
RAB14,13.5353289868095,0.716077290539376,0.251293400755416,8.22771808274062,0.00412553699173648,0.0348618400130793
STOM,4.93830383358704,3.35461715173391,0.531211305952945,51.6937017757219,6.4870512329269e-13,2.40093376637658e-11
DPM2,11.0066438678281,0.921245643127031,0.27819651149543,11.0497174916811,0.000887007135213302,0.00976149878868459
FNBP1,26.2242588882571,-1.22726729154373,0.216094881155061,32.2689280000382,1.34242969105121e-08,3.4471305051218e-07
RPL7A_ENSG00000148303,289.751112928713,-0.383330793775956,0.0746343917956749,26.3524599035563,2.84456391042575e-07,6.29118425595441e-06
SNHG7,11.7327235319113,-1.44755368403661,0.275511937279545,28.6972969091472,8.46217661945679e-08,1.99508612469399e-06
C9orf142,5.48928260183072,-1.17111935729797,0.407909888274158,8.40664181113033,0.00373852608973012,0.0320825587363498
PFKP,3.06434003966789,1.65975040569963,0.494411448660349,11.980940070888,0.000537474628366817,0.00641580074401831
KLF6,31.4002403536306,0.811702658415663,0.192794860908194,17.8801261569459,2.3526515944258e-05,0.000387719323708231
IL15RA,5.46003516340963,4.12700698376938,0.605643201580197,72.678614575196,1.52578513598012e-17,7.16902590487112e-16
CELF2,6.73615520758423,0.964054954658861,0.324955255080302,9.04046164561366,0.0026406894782646,0.0242980108243097
COMMD3,16.1948514874639,-1.28558689703337,0.30100656549597,18.7487915942765,1.49117818294068e-05,0.000257267069322448
MASTL,2.04182447131657,2.38039085114806,0.677823300521336,13.7118902795352,0.000213101042668009,0.00281795290953205
CREM,150.388728702766,0.92728145429111,0.154913456892601,36.0056712260144,1.96744069969728e-09,5.43095609812271e-08
HNRNPF,62.5097484873812,0.571964268706549,0.122895018482717,21.7036647013625,3.18182856218962e-06,6.00558809814993e-05
UBE2D1,13.6425475945232,0.793540101437214,0.234773946094826,11.6480858631173,0.000642686317806612,0.00744370079627413
SRGN,158.581648389539,0.64882214461881,0.112163428024678,33.658187087957,6.56977843727569e-09,1.74099128587806e-07
PRF1,1.43816251589934,2.5901652298669,0.95743847789308,7.69825523441592,0.00552742304871041,0.044172711336196
C10orf54,3.79864443328859,-1.74196277475092,0.49531128030835,13.7538725926856,0.000208390753803739,0.0027890681695955
PSAP,29.9066684022632,-0.770011615690679,0.194401495774371,15.9630398021184,6.45913023472865e-05,0.000953045385413749
ACTA2,2.36268674002572,2.69518786393416,0.67728007411463,18.5075873626342,1.6922926949171e-05,0.000287472797533994
FAS,6.24454702443046,3.45209428062303,0.516752459988317,55.2749829574299,1.04793876080171e-13,4.01306028341694e-12
IFIT2,129.292029578241,6.15900210843222,0.256958041734272,1039.0983062274,5.69986429420763e-228,5.39451442130365e-225
IFIT3,250.976631290738,6.74963576711036,0.215303367981006,2278.03460196751,0,0
IFIT1,163.081072032309,6.53074528090494,0.243032074493595,1898.22091468102,0,0
IFIT5,17.5543657687294,3.25200639049575,0.292815122683988,156.484537986724,6.6341662774661e-36,6.19033120960745e-34
PCGF5,12.8756257987409,0.766476815606592,0.241813478624298,10.1420324719255,0.00144926281101655,0.0146362288460132
HHEX,17.0264212710166,-0.841779194769805,0.208053317952467,17.0813888832043,3.58115314763257e-05,0.000564884276263471
ENTPD1,2.68760041786378,-1.98939950158031,0.649020157079868,9.70043585947545,0.00184224310866089,0.0180278590766299
BLNK_ENSG00000095585,28.9957444285855,0.699907966206418,0.155070461118809,20.6059176186638,5.64214449039567e-06,0.000103543510384685
PIK3AP1,2.21393804859144,2.31931577722976,0.627509389043232,15.6123183978432,7.77464496474342e-05,0.00113587875400004
TRIM8,1.49682869314192,-2.55039070071608,0.822930155537306,10.7395922878426,0.00104867436458158,0.011215153434133
SFR1,4.98117519273451,-1.60862135222915,0.480056981180201,12.2448197186457,0.000466551609639755,0.00567138424562087
DUSP5,4.35326172714899,1.67701047321893,0.422473030859913,16.921669001012,3.8954355967302e-05,0.000604863487261296
CASP7,7.77825662305943,1.20328784740551,0.333037330395084,13.412985870467,0.000249888331146792,0.00325887833434547
IFITM2,110.305515003394,3.05220714453148,0.164184956961966,344.64088740973,6.22569324126434e-77,1.71855073847401e-74
IFITM1,14.8874741918287,4.23880411364674,0.404672049026546,170.984765320375,4.50907508549438e-39,4.74168610180957e-37
IFITM3,45.5020454596817,6.11182446926172,0.667058237375184,75.1624335890711,4.33537963212943e-18,2.08129638136649e-16
IRF7,128.166204218127,3.69677178801677,0.14937561221826,671.324692903465,5.14664690628378e-148,3.78850397268112e-145
LSP1_ENSG00000130592,25.1867215465392,-1.54811514644406,0.208950818658568,56.5758222856717,5.40726232622026e-14,2.09491888369644e-12
ASCL2,0.932988454945361,3.10098765215984,0.969415166463257,11.6336103042439,0.00064770715550885,0.00748876074213984
CARS,7.79542254397038,0.910190633494782,0.306943372451133,8.93583719219114,0.00279629272513149,0.0256230142517235
RHOG,37.3362181101057,-0.615555525599077,0.147678420119925,17.5615374763849,2.78157908450154e-05,0.000447280617350066
TRIM21,7.37238185281938,2.71287479676714,0.42046939420383,48.4445744208901,3.39757018535257e-12,1.17847656952674e-10
TRIM5,3.76910568479629,2.77479757263758,0.582231374366354,26.7296850551167,2.33998907041387e-07,5.32729470498003e-06
TRIM22,37.1300793641976,3.07702275335596,0.188650592730441,335.523892668416,6.02151673516477e-75,1.37560511622299e-72
MRPL17,10.500115238593,1.09354823421658,0.265606883679878,17.2918978778036,3.20550710879493e-05,0.000509268215725814
EIF3F,66.306591501296,-0.56360131976751,0.127243515610435,19.613391942605,9.48023726380785e-06,0.000167932010354885
PSMA1_ENSG00000129084,41.802618650943,0.404202679546699,0.141726915404212,8.21208225016794,0.0041612371867052,0.0350740411729287
HPS5,3.47086940598766,1.61228406224796,0.475399069207728,12.1885986519352,0.000480824905356978,0.0058235191919378
LMO2,0.628528445186013,2.93666461938264,1.08160401753045,9.06426461117108,0.00260653342388138,0.0240170847471685
CD44,44.7188570130293,-0.784568336643738,0.146078307083221,28.9758283420638,7.32870923467199e-08,1.74024009604667e-06
TRIM44,8.41702941314698,1.03808460860832,0.3234901581364,10.4461821835053,0.00122903220842469,0.012944894087144
CD82,20.1834209649427,-1.34180742206907,0.260116604185401,26.5783799187886,2.53059852142816e-07,5.70245415117741e-06
MDK,2.3404503129046,1.6425485668403,0.604756637485244,7.71683514629508,0.00547082186039859,0.0438791704904851
SPI1,12.1887959913514,-2.36305920906885,0.305016450696472,69.4436937881911,7.86273875945205e-17,3.56785234803903e-15
UBE2L6,139.96782959564,2.74907959065029,0.115750162525474,594.085114327477,3.23850282200541e-131,2.14550811957858e-128
C11orf31,47.6371737828225,-0.66521330700156,0.149947902553451,19.8915462309412,8.19619581279726e-06,0.00014715392211323
LPXN,20.6926877457182,-0.698713599233149,0.191201749302795,13.5279931902205,0.000235031235116059,0.00308944827905535
MPEG1,1.69934211448926,2.1594095872454,0.673030278299888,12.064196674561,0.000513994535935016,0.00616886558074181
MS4A12,1.94405625466611,4.58301483651126,0.895343475797337,29.9993589102197,4.32189169843829e-08,1.04498293803481e-06
CYB561A3,8.47463182969232,-1.64906416516044,0.333286994295916,26.393563168922,2.78466925189973e-07,6.19074959524689e-06
FADS3,3.5915865795249,-1.32811168029677,0.459944377948579,8.899152603994,0.00285303027130098,0.0261068032422224
BEST1,5.42762581366966,-1.28879035274882,0.373792383705731,12.5837756325789,0.000389109858311933,0.00484558799119653
FTH1,3066.9324763302,-0.843985061520159,0.1290244708374,42.2566690133636,8.00465815518674e-11,2.5133109136546e-09
RARRES3,15.8310806059051,1.70753426979616,0.240579945634207,53.0250957157556,3.29313938234895e-13,1.23260160497524e-11
FERMT3,4.22076758023963,-1.491131883907,0.448472584978159,11.4918341465862,0.000699026215074981,0.00799670122629043
FKBP2,16.2921020905513,-0.704675533817416,0.244684437499262,8.37574357210612,0.00380261946432766,0.0325903673365728
BAD,2.90502543480384,-1.53450521726539,0.514453203948814,9.55128606033873,0.00199809375096723,0.0191845957973302
PRDX5,40.3899518146529,-1.13585707317543,0.165550838805196,47.6396725616462,5.12213600333068e-12,1.7225457371607e-10
RASGRP2,8.95155379219756,-1.01940768798197,0.328789333283104,9.69555931485378,0.00184713850599295,0.0180304758352256
SIPA1,4.63148776921742,-1.0136678497991,0.368002271557127,8.50324842005518,0.00354513009217784,0.0309848111618446
CCDC85B,20.4641607408556,0.640826055507604,0.193074732087284,11.2351494040282,0.000802626448074252,0.00889197360951827
DRAP1,87.0642917765848,1.88950261901324,0.129806908484689,217.256105487478,3.58850601923542e-49,5.05826646328397e-47
PACS1,1.67863491947916,-1.99955493244579,0.77931136151419,7.68898251292031,0.00555589415522453,0.0443467455160994
POLD4,23.4054797165245,-0.560667376245081,0.208417353430964,7.46967768020252,0.00627467841800796,0.0490788010853633
PPP1CA,52.4034649863375,-0.511939955194836,0.128556549645784,15.977235030661,6.41087683834277e-05,0.000950157920671608
TBC1D10C,6.23597747241095,-1.36378957189485,0.368055937403619,15.4483183176661,8.47923583872656e-05,0.00123105884200107
PTPRCAP,46.8851086915235,-0.773021138429201,0.159501682624881,23.5675073891546,1.20607027910059e-06,2.42127745425497e-05
GSTP1,124.676397554779,-1.35241466133045,0.141462585125397,90.1758297762069,2.1790791615547e-21,1.22342368180508e-19
UNC93B1,9.131026757447,2.87008786143768,0.375916236209276,68.0682156463268,1.57936059543064e-16,7.02232479511946e-15
UCP2,18.5801592381495,-2.06869661040252,0.269152404633032,63.3628657931395,1.71928764130901e-15,7.16369850545421e-14
RPS3,1018.16465594724,-0.251084545018465,0.0632735462208401,15.7251636160643,7.32432836181364e-05,0.00107591297997817
PRCP,4.2579546978805,1.46096371199703,0.451995020797097,11.4750710297183,0.000705359515261059,0.00800918591615902
TMEM126B,12.9158761265668,1.10748807655153,0.259015421634974,18.8790514001409,1.39273735650486e-05,0.000242175458972302
CHORDC1,16.4347284474209,0.784855701910788,0.248666152042524,10.2754505905868,0.00134811946091101,0.0138014400203217
ENDOD1_ENSG00000149218,3.53107040096992,1.9249271091633,0.54139443778465,13.3823143332911,0.000254008106164663,0.00330609764899979
SESN3,13.6107037143112,-1.10371046226546,0.253910520145859,19.8921434068706,8.19363595635479e-06,0.00014715392211323
BIRC3,102.194769739566,-0.47253401464852,0.112160707372557,18.1328710671242,2.06014203218983e-05,0.000342066189555329
TMEM123,86.4229079456907,1.04239261743816,0.136346060045914,58.4941403117582,2.03897319093263e-14,8.0887409520531e-13
MMP7,4.73230203542288,-4.41039839701248,0.793499389605642,37.0559112278994,1.14790059274928e-09,3.26427163974791e-08
CASP4,40.0260545826005,1.50274223790434,0.150467219483961,103.423630691522,2.70627488965375e-24,1.67561412560338e-22
CASP1,18.1770928412967,2.00858581172051,0.235407859159952,78.9302108271474,6.43432407924156e-19,3.20506744548687e-17
CARD16,32.1401670712544,2.61462038363689,0.19330474888603,210.077805043827,1.32096394887412e-47,1.78599717577369e-45
DLAT_ENSG00000150768,4.0052299320655,1.33996207620437,0.436115391198258,10.5133587246842,0.00118514646616387,0.0125224806034061
RBM7,13.498445795939,0.994142446819611,0.244256191738059,16.9201683093563,3.89851636317847e-05,0.000604863487261296
SORL1,3.4322407129402,-2.15619778872394,0.567942857518037,15.8350323363928,6.9111032242674e-05,0.00101746797468381
HSPA8,150.486293555497,0.395286464160106,0.118944619950003,11.060400899914,0.000881910725050985,0.00972156165301626
NFRKB,1.32809695616459,-1.88678757756844,0.736098591088299,7.6637667282985,0.00563407577692681,0.0448088259569509
PARP11,5.58156539095911,2.601305853538,0.426196865913549,44.2725109162004,2.85700055482487e-11,9.23298959790963e-10
NDUFA9,27.475153649191,1.53561585683691,0.189300102653281,67.5663584816178,2.03714007272544e-16,8.93778343165962e-15
GAPDH,103.424993591674,-0.878384266918231,0.142390766199725,37.7426251454534,8.07213110068311e-10,2.3251247192185e-08
LPAR5,2.29654648290816,-2.33871623488296,0.703809228960659,12.0802567471911,0.000509585795390668,0.0061381925353876
LAG3,0.894636186830608,3.00253692996713,1.05722600540771,9.24118127441209,0.00236632252502502,0.0220247023458088
TPI1_ENSG00000111669,59.8511931756659,-0.464392048346358,0.135499051762378,11.8634644000435,0.000572459529968388,0.00674583108861112
C3AR1,2.16461434948661,2.48285073023367,0.729073977396107,12.6605449382025,0.000373453349024469,0.00468584931304377
CLEC2D,66.316772732544,1.96147086139938,0.188522522949489,108.486694072616,2.1025708175655e-25,1.37916155112588e-23
CD69,74.4635180297119,1.30262773558835,0.266847390160584,23.2860870959373,1.39606231226306e-06,2.76913557447389e-05
CLEC2B,21.3550164534262,1.22791477225812,0.28773049161561,19.4745684500473,1.01948025845721e-05,0.000180108178994106
GABARAPL1,3.5731607059254,-2.00197210946882,0.494666291506889,18.4052202057973,1.78568110150514e-05,0.000302561056201319
ETV6,2.89474457881386,2.10711085060146,0.556145066989894,16.0779606644403,6.07873822780211e-05,0.000907018936017769
BCL2L14,1.49660403717181,4.21015521659462,0.868036455475188,27.9377323239391,1.25282723364803e-07,2.91227383260288e-06
ARHGDIB,108.472299066846,-1.01881675293307,0.109721572191675,87.4109094954498,8.81628592097965e-21,4.90822640558741e-19
LDHB,49.5985018502349,-0.492984112812615,0.15438993441313,10.3249559847475,0.00131243390072545,0.0135335355161965
LRMP,5.24527140094841,-1.00551585351891,0.374944980621627,7.51178353765145,0.00612966452940337,0.0481149615015371
RPAP3,4.21857884863805,1.12091621868718,0.401084937748029,8.16207910757563,0.00427753068369311,0.0357422355245772
HNRNPA1,137.617323752703,-0.734900079863659,0.103453782555533,50.5013844714235,1.19080759087218e-12,4.28755450517836e-11
ESYT1,2.08531171167301,-2.44286353347594,0.74417002719511,11.4648076208277,0.000709265729232813,0.00803228283105536
IL23A,2.81067843302038,-3.05995034738747,0.693910264317689,23.9609618819318,9.8308951388493e-07,2.02266087872288e-05
STAT2,7.22824290620826,3.13563557467585,0.421324431491393,71.6459852450888,2.57485442676736e-17,1.20129651953055e-15
NACA,287.357087911384,-0.25272338697551,0.072281775971761,12.381100966284,0.000433701343952002,0.00534065316669519
USP15,16.5365837742069,1.17465299054908,0.221759194904828,28.5755654510911,9.0112158588776e-08,2.11699663351291e-06
TMEM19,9.43758225003068,1.30538183135504,0.290749030813978,21.242755348678,4.04636857818937e-06,7.53011006474848e-05
GLIPR1,26.0624406776669,-1.18382246912291,0.220924994755143,29.2520367352146,6.35493925997985e-08,1.52541567381763e-06
KRR1,7.81196132234689,0.926833678087215,0.303170475168078,9.4919498718038,0.00206375377917844,0.0196724730749024
NAP1L1,55.9701246052378,-0.538084787376729,0.149039294548238,13.0755994239542,0.000299167466208624,0.00380419282846859
OSBPL8,16.4013175213074,-0.90783460866768,0.217993844654763,17.8475163101656,2.39331441899952e-05,0.000393441886498059
ATP2B1,19.3164914500057,-0.74582608225218,0.196841278137377,14.6084378746109,0.000132320746281813,0.00185725623753604
LTA4H,12.6303890634156,-1.11562664996527,0.243623986578669,21.9555767804952,2.79034890570507e-06,5.29686575939717e-05
CDK17,4.63930068091675,1.15029861698208,0.423413239354417,7.46264502486207,0.00629923820928029,0.0491540065462969
TMPO,8.27594077180915,0.855330347952964,0.289516344128675,8.87681305503314,0.00288815271824552,0.0263917403563815
CHPT1,30.1496711923707,-0.546932557427691,0.166171161327648,11.9928847392448,0.000534040580801067,0.00638631560976006
ISCU,91.0092672151256,-0.725401053084916,0.179163649992018,16.228155982932,5.6153309076894e-05,0.000843572953819553
USP30-AS1,10.8794800926677,3.05089109570471,0.342043594198037,100.97868903487,9.297843696377e-24,5.65121233839428e-22
ALDH2,1.56573766848098,-1.91504585579821,0.743321889570112,7.46055620227386,0.00630655178329847,0.0491540065462969
TRAFD1,5.13838318517031,3.00112012846646,0.491689853094918,45.3867303107529,1.61726400770405e-11,5.27801677391099e-10
RPL6,433.550947978972,-0.486375211864921,0.0679305992349001,51.3657904078845,7.66628822709789e-13,2.82161997247353e-11
OAS1,71.3831336614386,4.4474162082044,0.221881295154328,510.258023285937,5.57283536957274e-113,2.63714530881567e-110
OAS3,17.3004416477897,5.92495240826271,0.571467148856021,268.613332076849,2.2757801907391e-60,4.07487669287745e-58
OAS2,17.7258771548337,3.87442460785118,0.35081637254153,165.145527339861,8.50197722353717e-38,8.66547678552826e-36
PEBP1,36.0445002814711,-0.938450834587876,0.16789292923788,31.37678600579,2.12506565994908e-08,5.37349618212315e-07
RPLP0,357.08139158005,-0.277087557960044,0.0825022955249837,11.307649146079,0.000771884391688252,0.00862349763058123
COX6A1,72.4497750154737,0.420095570470572,0.101989725964491,17.0118056607175,3.71481235686789e-05,0.000581811627996448
OASL,34.2317860711039,4.9146098668995,0.328921076534193,373.196107380735,3.76973164446042e-83,1.13520327929774e-80
RHOF,8.19679158836361,-1.32587843867995,0.353608532103065,14.3206346425931,0.000154165701438281,0.00213225004598875
ARL6IP4,25.3265906072319,-0.603533962305454,0.170082523595176,12.7351739001084,0.000358842457952669,0.00452825006464082
SAP18,83.2035482762347,0.493829209242311,0.10270930322047,23.1086016829623,1.53104244239356e-06,3.01879648239801e-05
POMP,43.4553904802082,1.0470387336402,0.167127473382858,39.4206598660613,3.41662926423296e-10,1.0322317531518e-08
HMGB1,160.141937721451,-0.50630351226986,0.100902522793276,25.1333523003098,5.34995108041593e-07,1.15076058142063e-05
ALOX5AP,40.0964582548043,-1.18828143527494,0.171098841223532,49.020092225772,2.53353946734103e-12,9.02403170491093e-11
BRCA2,2.90069857827392,1.75108721359196,0.565477855221962,10.4024518045843,0.00125848106096812,0.0131091777184179
N4BP2L2,24.0064763544219,0.701962399828674,0.19470309573052,13.0967061257312,0.00029581545983616,0.00376880273348953
ELF1,34.1335727429116,1.61433649607393,0.160480889318098,105.871768797321,7.86643646884346e-25,5.05972248602796e-23
RGCC,18.9226627833105,-2.12763178624129,0.304562914236997,48.9725294133825,2.59572550064685e-12,9.19608633250554e-11
EPSTI1,84.3557273151945,3.81228101128078,0.194723233957613,414.257797950621,4.33835146394625e-92,1.59675435825799e-89
DNAJC15,19.9200529723881,1.10756140695977,0.327500787192779,11.1516459896118,0.000839571462558484,0.00928574447320527
KIAA0226L,26.973397338604,-0.700252874330657,0.198219973987066,13.8114711298671,0.000202098545855044,0.00271417753911218
ESD,16.0099720956372,0.779577667275251,0.226061575207693,12.0303303565608,0.000523417986717448,0.00627060427125333
PHF11,26.6062220663601,2.16486425657511,0.192439286848129,140.507204703052,2.06205944482046e-32,1.72925871163741e-30
RNASEH2B,25.7244431821465,0.986153608594355,0.179184066401367,30.6195149766758,3.13920339120067e-08,7.73130946717637e-07
UCHL3,6.48388649096477,0.925646766075313,0.332698481716364,7.80106617404394,0.00522154158792119,0.0422377448351378
CLN5,4.49345754827334,-1.21776910405136,0.433560817240997,8.17434575122456,0.00424869910730852,0.0356750717185284
MYCBP2,18.8783774298164,1.37401704107971,0.202137038357901,48.0957709559141,4.05901005353709e-12,1.39331303651208e-10
GPR180,2.78129890414741,2.11403096425528,0.660399235757604,11.4835978781831,0.000702130762093918,0.00799670122629043
GPR18,2.4852330194888,-1.35362989829908,0.558663444259176,7.71180297427422,0.00548609308259724,0.0438953703770613
TNFSF13B,20.9552397769285,5.03495022027199,0.426890196671298,248.633251230997,5.15711054172294e-56,8.54146433472862e-54
OXA1L,9.20303119067123,-0.860577238465766,0.305434339999317,8.03954887016847,0.0045766933497789,0.0377121808983647
NGDN,19.2930873025138,-0.582832668586839,0.203844712667485,8.33809814731413,0.00388222165807349,0.0331867335286927
PSME1,118.716815738383,0.751143990230014,0.0912882817567244,68.4720351666201,1.28689674895294e-16,5.76060200122514e-15
PSME2,168.326269514921,1.32731806435369,0.10003594375745,176.856094927205,2.35448067706657e-40,2.64380245518068e-38
IRF9,16.0975942380371,1.43875216663224,0.252199643906344,33.1188753738252,8.66930369917339e-09,2.27913242091364e-07
TINF2,18.4141518471515,0.582693787013288,0.211486861589435,7.72924073578551,0.00543335926012044,0.0436844722066722
ARHGAP5,5.3259886520031,1.20062699227621,0.371111618632607,10.7825252696502,0.00102462799613017,0.0110526947677521
SNX6,22.0733903048193,1.36986794675039,0.200882537330377,47.6816879283436,5.01352815236124e-12,1.69692047482398e-10
BAZ1A,28.8804609982051,0.925975402011325,0.182244333911166,26.3308266470924,2.87660429058608e-07,6.33139648675507e-06
FKBP3,12.61361480415,0.751033916326387,0.24387046701442,10.1795833744683,0.00142004264100869,0.0143849885270376
RPL36AL,155.527464941016,0.246860193539118,0.081134822994659,9.28010359529986,0.00231656327158467,0.0216463070158652
DNAAF2,6.84961502427049,-1.1267598859527,0.38482754736973,8.6194884535231,0.00332585234103951,0.0294175857935738
TMX1,17.375730856726,1.75333601932696,0.226611600415357,63.4626562689754,1.63435957579538e-15,6.89658101251234e-14
SAMD4A,3.10409104795224,2.73313217479234,0.599054664308287,24.9137011526817,5.9954807741451e-07,1.28129226221649e-05
GCH1,2.92466248452187,2.3235285949614,0.545030991983518,21.3558328521717,3.81458408287696e-06,7.11876607015771e-05
PSMA3,34.8957984640424,0.86919711641951,0.15515111431554,31.8185195133833,1.69271039982036e-08,4.32980942038991e-07
L3HYPDH,3.7703047448867,2.47605287869189,0.605561113016143,17.7510130508549,2.51783383146826e-05,0.000408839439546011
DHRS7,26.3375663739168,-0.577806299117791,0.178646181996744,10.7762710086885,0.00102809594317366,0.0110570383498791
HIF1A,17.1859546478253,0.99161726694392,0.203845877692309,24.1252661037195,9.02681288950614e-07,1.86883235603057e-05
SYNE2,10.4233984327344,1.26602880579,0.285860749804366,20.8636284949239,4.93170696672497e-06,9.10099126867769e-05
ZFP36L1,64.1566833953851,-1.0029430799734,0.128744349621222,62.7998278395736,2.28818840457782e-15,9.41568209958265e-14
SRSF5,45.514408728008,-0.523566686587759,0.15638331082675,11.2571199525316,0.000793181820608867,0.0088020595670582
NPC2,73.1794825158509,1.45223426050377,0.159847950226624,80.9983696228663,2.25903979249139e-19,1.19729109002043e-17
AHSA1,22.5869881698961,0.61828253822144,0.185369012474851,11.7201619753054,0.000618265730200596,0.00721128602566716
SPTLC2,5.18976352295089,1.29137999236727,0.403343773921658,10.8968112054991,0.000963299501354292,0.0104792433439609
RPS6KA5,3.18887044496182,1.41878975150238,0.522715516738164,8.42904418110672,0.00369274404924546,0.0318547256852229
LGMN,4.12191764133946,1.17870850204813,0.423618683134204,8.70400212304938,0.00317512178757292,0.0285029564263829
IFI27,11.7524135385696,4.60890409302584,0.731757820230229,39.9056448126396,2.66531818477345e-10,8.1748763769093e-09
EVL,30.465004022493,1.11934498939112,0.198580616331975,32.8261559636261,1.0077965942667e-08,2.6286033216602e-07
WARS,33.2162090971609,3.34688446965271,0.289493235442675,136.02414792886,1.97118556881063e-31,1.61223511029264e-29
HSP90AA1,133.412741033088,0.689682747761549,0.113740368727446,36.8629393482162,1.26732200234989e-09,3.5576306210034e-08
SIVA1,17.8820339268623,-0.663081860423743,0.221425987735936,10.9093974973206,0.000956776392634536,0.0104254006598747
GPR132,2.66138200214355,-1.46621155242133,0.545786318844635,7.68622736224807,0.00556438239687439,0.0443610509979457
NIPA2,20.6898387095551,0.74432295349708,0.203890724990573,13.3225977488596,0.000262226638688026,0.00339306929943003
GCHFR,2.52314556675301,-2.02224758818009,0.649479612378112,11.858053579455,0.000574125188702787,0.00674583108861112
EHD4,9.22314954373294,3.61467275292143,0.417124979570911,109.559789095373,1.22357663879655e-25,8.18807599194659e-24
SNAP23,13.9872628403133,-0.819050103972263,0.24408596621345,11.871804953791,0.000569901538365741,0.00673012066251878
PATL2,2.95380584345197,1.56376194285166,0.503646113643106,10.1574567271846,0.00143718748135141,0.0145364382655773
B2M,5993.62689398956,0.820687812268471,0.0473856530802893,296.83100653273,1.6151034723279e-66,3.24244257702191e-64
TRIM69,10.3377156589107,1.16087564509574,0.280555912713354,17.5757340797056,2.76088978762041e-05,0.000445033937785529
SQRDL,14.0542664428094,1.11992830772653,0.27844539610039,16.416049239298,5.08528348893516e-05,0.000770938286366028
EID1,22.955727859914,-0.483524505369634,0.181887198767749,7.54900443715107,0.00600432384362858,0.0473631996732599
SECISBP2L,8.22536260750136,1.90203715949828,0.316064952170131,39.525174227526,3.238574577014e-10,9.84199842785219e-09
SPPL2A,11.8675435203527,1.17157268146341,0.250577958738024,22.4942497464309,2.10773602232565e-06,4.09494168560335e-05
LINC00926,13.7755616669792,-2.69658774187785,0.299609510634322,97.5618479669984,5.22000781108329e-23,3.14386834076608e-21
RORA,2.76431750973799,-1.66217427322082,0.665005723110002,7.55783941682078,0.00597495820284389,0.0472363939067312
LACTB,29.1740653330267,1.49582493437214,0.221020800423482,45.8036704682172,1.30718382226451e-11,4.30850389179223e-10
OAZ2,9.11946586288451,-0.989291108563191,0.304052316770723,11.8149024532623,0.000587585107384012,0.0068776525378429
PTPLAD1,5.92784182031106,-1.16518615938389,0.372700450707069,10.3050887263074,0.00132663874436726,0.0136345053214933
MAP2K1,7.96292387970374,-0.907949161561864,0.32891110032099,7.82624267204295,0.00514930311958099,0.041704319275335
RPL4,230.262610694637,-0.31849445627636,0.091875409241195,12.0664711165379,0.000513367833594663,0.00616886558074181
PKM,73.02753567568,-1.13873969298964,0.149044885718289,57.9402716862428,2.70198498031617e-14,1.06551491039254e-12
ADPGK,13.3799327467529,0.714515864346698,0.228456813443752,10.0000619897968,0.00156534956530101,0.0156890179578202
PML,7.35646231369201,3.45660982299444,0.450322120605633,80.447179287954,2.98580486606342e-19,1.53340753780389e-17
COX5A,74.1948121319976,1.94809864918265,0.183667965482536,112.156102796399,3.30256091603189e-26,2.25561505863003e-24
IDH3A,10.8482398845444,1.80213296275116,0.277871518482885,45.6254654581386,1.43168128713634e-11,4.69548936993972e-10
PSMA4,80.3836124340422,1.32294170106485,0.107876917870128,153.339422318673,3.22918686651478e-35,2.93059766995348e-33
CTSH,29.0234098013953,-1.33201861608746,0.21685335989167,38.0833286914482,6.77868531704713e-10,1.99594623224166e-08
IL16,12.2536590384002,-1.62365314144715,0.276584426292882,36.660307187965,1.40613568805469e-09,3.93065355838073e-08
ISG20,740.100312989762,3.30131538443883,0.093054424710673,1161.12400820551,1.71495507226372e-254,2.27231547074943e-251
HAPLN3,15.4679079592873,4.0338311556713,0.423303533108385,109.27146543968,1.4151486512674e-25,9.37535981464653e-24
IDH2,10.8580880614703,0.874540589475813,0.263797643991201,11.6755156510588,0.000633279864349105,0.00737342548561128
HDDC3,4.37698647801092,-1.1874371600955,0.451812102910849,7.65892118041201,0.00564922746124177,0.0448754579505117
TARSL2,1.80885709102247,-2.11389608974975,0.793958586119068,8.94137918448841,0.00278782148286141,0.0255807719168378
SNRNP25,5.27784219306124,-1.69333002296524,0.459749006798988,13.7477234340144,0.000209074058118702,0.00279257184483146
MPG,14.1833625958518,-0.763292993628442,0.258084332357108,9.88827898904621,0.00166334863969777,0.0165460731801767
NME4,3.80819840204767,-2.18489056253312,0.543521205694561,17.696064376059,2.59162253317699e-05,0.000419792158491383
TSR3,5.38827143984393,-1.27123384020496,0.378477690417307,11.7214277852595,0.000617845331100032,0.00721128602566716
RPS2,1821.56030182943,-0.280241609194181,0.0697328061582959,16.1045399648443,5.99401709832665e-05,0.000898424508516155
SOCS1,84.6279171947107,2.52695797065678,0.161735103394923,243.6563355536,6.27315074564585e-55,9.89514849759613e-53
LITAF,41.1583123498883,0.779835915680763,0.209431006289663,13.7410606525569,0.000209816985370907,0.00279308513394028
ERCC4,2.25458730469063,1.78682897065282,0.650394883669716,8.78930247909884,0.00303002082380428,0.0274233442045128
LYRM1,5.66449326490746,1.04493909403136,0.373491184570988,7.9425996557389,0.00482844203311654,0.0394918869992556
IGSF6,0.55651175330826,2.74807226321005,1.07232226128435,8.19272170953382,0.00420587780976325,0.0354052611050591
TUFM,36.5797680307786,-0.562124116784355,0.160093406166876,12.6223973124531,0.00038115220052227,0.00476440250652837
LAT,2.32793050162737,-1.70821664151801,0.588074048824714,9.61602269407512,0.00192887017424794,0.0187097582787593
MVP,12.4488834361718,1.17397113475628,0.265363471207468,20.2665061673503,6.73697044033643e-06,0.000122616563646233
ALDOA,32.7363463176567,-0.799833234514967,0.186353014712062,18.5246292506745,1.67722896388101e-05,0.000285646320969451
YPEL3,7.6179038663851,-1.14195103852207,0.327731957189587,12.4684147625002,0.000413891192765826,0.00511572602998805
CORO1A,60.5764270017946,-0.722652272297405,0.154195464471468,21.9636825347615,2.77858860768955e-06,5.28969813963888e-05
ORAI3,4.29587377246846,-1.73653814816666,0.441651423621684,17.0853459433898,3.5736991378083e-05,0.000564884276263471
FUS,21.1931749245709,0.693346878590649,0.188144339602556,13.8530274721776,0.00019767800641571,0.00266182274899203
ZNF267,15.1297041729686,1.51992046937514,0.233603385111867,44.145409753461,3.04865865307414e-11,9.80454542554183e-10
DNAJA2,14.4612538415188,0.849116327534433,0.312637694271655,7.46736657241885,0.00628273858404612,0.0490838951878603
N4BP1,3.14247774318999,2.23691662479411,0.522385712747324,21.0431583627036,4.49053416183865e-06,8.30999687770421e-05
RP11-327F22.2,1.38891205444185,3.02707261894358,0.855974000857052,14.6892560250767,0.000126766891127394,0.00178307994420166
CYLD,15.3564391539919,0.946229491946444,0.217322205602488,19.1780745594857,1.19073230680857e-05,0.000208693162238274
MT2A,25.7014872410113,4.15871042437603,0.299385377006375,296.501510464738,1.90541285561386e-66,3.71275299071818e-64
HERPUD1,199.72179874675,-0.49260652239435,0.0993477506416898,24.4841898270593,7.49221088303943e-07,1.57574276508369e-05
ARL2BP,10.5498924507484,-0.996855238418221,0.266282815613966,14.4994030181568,0.000140203967020465,0.00195960185972696
CKLF,6.2741820327477,-2.40098697838878,0.42121584922007,37.7546204551597,8.02264737719444e-10,2.32096239624075e-08
TRADD,25.0491718778278,1.03674444219518,0.187713773735678,31.0219026275481,2.55133030621678e-08,6.35619287380325e-07
PSMB10,13.6525573603608,0.729985784498362,0.237182981244361,9.67438616923026,0.00186854687840887,0.0182045927492041
TXNL4B,1.97123968602899,1.69365346715862,0.613388014911092,8.0967829304932,0.00443438957399587,0.0366307118799534
MLKL,2.40213458188683,2.37924685288214,0.646568536645807,15.2451383992651,9.4419484854426e-05,0.00135689606759343
KARS,26.5458950643959,0.694905081767003,0.177915785804356,15.3297755556108,9.02822377251e-05,0.00130309330049845
C16orf74,8.76287643709704,-3.12951415655436,0.438992172080856,61.8413516197289,3.72273836247432e-15,1.51307617493205e-13
COX4I1,279.416405181697,-0.324886370941729,0.0966931046853485,11.3729557126049,0.000745211975344711,0.00837863201081069
IRF8,86.5099940069481,1.89395222647919,0.15249149742151,154.70518506194,1.62412806526426e-35,1.49442339338552e-33
CYBA,132.332893539314,-0.626862306095931,0.115879623859974,29.1500405247113,6.6984342701179e-08,1.60206234799751e-06
ARRB2,5.77879258627539,-1.23945102997688,0.394359712982346,10.3957682976921,0.00126304435622377,0.0131360578649646
PFN1,241.243724982002,-0.498954316139352,0.0872903533351401,32.7300585634669,1.05887045100372e-08,2.75098695603907e-07
XAF1,33.9774900993511,3.36583895208543,0.217017969775125,312.112367000319,7.56945683600561e-70,1.61363062360565e-67
ACADVL,13.1904996668668,-0.87108228289336,0.236468015834805,14.1574423751558,0.000168130689223552,0.00229663054867223
GABARAP,10.8399013343551,-1.32337145242912,0.270726070554397,25.0281900541189,5.64982139247317e-07,1.2113290202309e-05
CD68,5.00235983569792,1.64193635721646,0.47039098408696,12.2562254205787,0.000463708534770542,0.00564718574054199
VAMP2,33.6262435822085,-0.576457248890437,0.16235156649601,13.1074580569551,0.000294122502473356,0.00375445390922155
PRPSAP2,5.96901939862353,-0.95025455988311,0.345111712288151,7.73782596158756,0.00540758668503586,0.043530087227658
MAP2K3,7.40079634768984,-1.07877626768683,0.330343930453937,11.032846390144,0.000895116024999712,0.0098018903564018
LGALS9,15.6818390468462,3.24380560167276,0.305933954324299,142.86547057252,6.28992144684951e-33,5.34240122889461e-31
EVI2B,27.4050348228008,-1.63470132249336,0.20306886219804,67.7244103165076,1.88021282573123e-16,8.30427331364626e-15
EVI2A,16.2547729620278,-0.877307143408085,0.238002218287128,13.7360514733927,0.000210377280277162,0.00279308513394028
COPRS,3.99189015901955,-1.42662409500145,0.448329848360391,10.7828432395366,0.00102445200025951,0.0110526947677521
CCL2,10.2798865502205,2.48761160739151,0.348609726055268,56.0541242097066,7.05031583102582e-14,2.71560130119454e-12
CCL7,1.30298668669999,2.76032338800165,0.811389096784072,13.1373282612344,0.000289470338771052,0.0037093636254511
CCL8,6.9498954364691,5.73733355524627,0.717765884828928,122.591940719894,1.71290904786746e-28,1.28954800478658e-26
SLFN5,14.013227394649,3.48301134902695,0.5515445579287,39.0087615883236,4.21907775537573e-10,1.25907162744884e-08
SLFN12,1.15074456953455,2.34583475037397,0.860440631533017,8.77994123357868,0.00304561011139637,0.0275268308158266
PSMB3,63.2604109467652,0.471043085944802,0.115607997877855,17.1596342958073,3.43661917427708e-05,0.000544679474392002
IGFBP4,15.6882811716796,3.35218152510895,0.326238779521166,134.340868556012,4.60163653523446e-31,3.67299301758173e-29
CCR7,393.288134485276,0.98881370219711,0.102953579229668,90.5344644957549,1.81782751796244e-21,1.03819890573286e-19
JUP_ENSG00000173801,2.27886221769654,3.16795048708937,0.771262366467713,19.6966586624765,9.07599194059473e-06,0.00016120226972236
EIF1,461.083248799691,0.259550332530041,0.0907194442076873,8.18068971241649,0.00423386591396323,0.0355956366497543
CNP_ENSG00000173786,6.34673449668575,2.10774362283485,0.377402023131206,34.4649403852106,4.33998627504693e-09,1.16406514462291e-07
DHX58_ENSG00000108771,9.16586624951875,4.69237678214152,0.558369558679487,124.868739097721,5.43750968127408e-29,4.14063237223457e-27
KAT2A_ENSG00000108773,4.43482704897588,1.77055375826585,0.575877062890473,9.4660418577289,0.00209310519146718,0.0198665070107021
STAT3,15.7370559979058,0.71019544703241,0.230999699799421,9.45221336450327,0.00210894452847763,0.0199882081561721
RPL27,260.551680386064,0.201388851111088,0.0689813827996473,8.58219150202726,0.00339466562884659,0.0298667460705295
IFI35,58.3631043980171,3.95692213234262,0.1934195973827,574.7503015683,5.20003027211258e-127,3.13183641388599e-124
CTD-2020K17.1,3.35573477554249,-1.51316856676313,0.560852290371441,7.49332331152978,0.0061928163379586,0.048495754419593
KPNB1,19.903710379848,0.852412739847346,0.193041024029906,19.9446741969725,7.97156948382496e-06,0.000143900947766595
TBX21,1.30221144462974,2.06592412564789,0.782532532371872,7.77933517320061,0.00528472421500979,0.0426967047859023
ABI3,3.53605579171838,-2.32037561348732,0.572213452586666,18.6525705940695,1.56835673729943e-05,0.000267792870737339
PDK2,0.749092083954874,-2.79431847667362,1.00237956131021,9.50843158095311,0.00204529905862735,0.0195810784153268
TRIM25,2.52873830353304,2.70436076148143,0.688861488231412,17.3266671939872,3.14738921166933e-05,0.000501236863637243
MIR142,43.9395281553751,0.551328944341873,0.171604852692224,10.4275676960761,0.0012414813447209,0.0130139460581898
LIMD2,85.7313693906407,-0.405121707218652,0.121240738780548,11.4308017260643,0.000722365093896191,0.00816667021682981
CD79B,39.8193736630705,-1.92633774117561,0.24192597633293,63.9075350603119,1.30397953825077e-15,5.56386039745878e-14
BPTF_ENSG00000171634,7.07877238381305,-0.959735274115746,0.347911507279342,9.32062888883918,0.00226588210240584,0.0213292782463146
H3F3B,521.348877196485,0.573249662408964,0.0715740554799302,63.8982622245082,1.31013165585444e-15,5.56386039745878e-14
UBALD2,8.2829604637536,1.54138820746546,0.35808059164752,19.0400004079285,1.28006784395395e-05,0.000223294280318101
RHBDF2,4.03620650537637,-1.25792581095689,0.472436143893731,7.91633901248133,0.00489903070832719,0.040019825453351
SEPT9_ENSG00000184640,10.1477371744775,-0.897735557367152,0.305173940753397,9.62213152697154,0.00192246478151886,0.0186940089776101
SYNGR2,56.0207217162831,-0.407180464874994,0.14289420486005,8.13568738567716,0.00434023902264786,0.0361232205088469
LGALS3BP,4.61663204748382,2.60182890896026,0.636185598366071,18.396762232972,1.79362496238596e-05,0.000303131769790995
RNF213,24.1794045906135,2.96932184748036,0.233175405312829,196.409195176952,1.26899705452286e-44,1.55687138633592e-42
STRA13,7.60074894583846,-0.88283926478885,0.306217972331772,8.54283256536903,0.0034688540097687,0.0304386196221426
HEXDC,2.61984856796996,2.61597650533726,0.675973026497549,17.0492969478794,3.64218570773792e-05,0.000573146800801988
SMCHD1,42.2549139762952,1.67010514577868,0.165785067570342,104.442453845106,1.61825794534994e-24,1.02104370361365e-22
LPIN2,4.01438024153573,2.26370037215078,0.484534812546849,24.837532656833,6.23711331490733e-07,1.32864552126241e-05
MYL12A,227.181764831892,1.4969806329216,0.0846609352057993,312.054050874092,7.79414037062351e-70,1.61363062360565e-67
DLGAP1-AS1,10.8278008888851,0.701277536177853,0.260277964228923,7.95719130914854,0.00478966833334757,0.0392231801093049
RAB31,5.29008872435072,1.34609911953732,0.456322898509991,8.66771407244995,0.00323897235833785,0.0289193960565879
PSMG2,26.4248175579262,0.566582292911764,0.167525060089178,11.4733387293028,0.000706017294345188,0.00800918591615902
RNF138,7.69281380257783,1.25366537231647,0.366759848453531,11.4913251467751,0.000699217672850296,0.00799670122629043
TPGS2,6.8063755966726,-0.91938481317055,0.332197149443221,8.45838492731319,0.00363364369132439,0.0315503138335833
C18orf25,1.86018608664168,1.78324842898535,0.637959916652517,8.65202552469263,0.00326697968843738,0.0290910489729807
RPL17,68.3784980483845,-0.583567828139487,0.11468696463293,26.1607041596653,3.14150803197866e-07,6.86880881579493e-06
ME2,11.3669050038146,0.844801482115165,0.275460337516576,9.84051750003377,0.00170709465422214,0.0168296161967585
TCF4,21.1527351667492,0.720713828257826,0.212796943127575,11.4850944851739,0.000701565603127339,0.00799670122629043
PMAIP1,69.6146458736645,1.57520510803113,0.13999220747317,127.348869324934,1.55826429262965e-29,1.20040708589203e-27
CYB5A,11.1960071875447,-1.07354145839089,0.281143012757774,14.8391334277561,0.000117080679080214,0.00166094111114865
CNDP2,18.6977650899285,1.39917239445412,0.225676462066848,39.052706893719,4.12516769046818e-10,1.23661701128288e-08
RBCK1,36.3261751089736,2.65007009659286,0.191669605232209,212.95958719453,3.10590912945888e-48,4.28680166305523e-46
PANK2,11.2159273183883,0.780045732633627,0.286203621173386,7.64681374930616,0.00568726844954117,0.045123537099653
DSTN,7.59648661161484,-1.01125817948484,0.298632368035048,12.2103972566421,0.000475239135909847,0.00576640892930905
CST3,2.54516303651387,1.85988122180789,0.617277395477036,9.49353329418494,0.0020619734988782,0.0196724730749024
CHMP4B,20.9461287986526,-0.664217779128165,0.190436735072595,12.4039575362144,0.000428424911268389,0.00528550286248245
EIF2S2,43.4680139278055,0.4757437665749,0.166374778742347,8.2383092816718,0.00410153207411278,0.0347032566934829
AHCY,3.57714201074181,-1.32375446543669,0.468961817158268,8.43558826996515,0.00367947829780306,0.0318231641291714
SAMHD1,5.6689435875234,3.84701744963831,0.567803211042234,64.0570662763147,1.20867000814407e-15,5.19963558698341e-14
NCOA3,3.68198686880719,1.07671940419954,0.415751417968046,7.6685870109993,0.00561904421397579,0.0447429902855644
ZNFX1,7.16490017178162,2.83629759025563,0.398782058332667,62.0272242311277,3.38741670773902e-15,1.38528615362784e-13
PTPN1,21.717858227387,0.971674573168943,0.199994522781949,23.896966580479,1.01631779038521e-06,2.07811893867346e-05
ZBP1,8.78192389709777,4.02124216157888,0.495173560512433,94.2706676693863,2.75198279999519e-22,1.61893412643555e-20
STX16,3.58692208754539,1.27280688972497,0.463871841806017,7.8629516895424,0.00504579538192064,0.0409661696142454
NELFCD,7.07336696527485,-0.838306073186009,0.316777790773277,7.5487126293845,0.00600529626045862,0.0473631996732599
OGFR,11.5569186048345,0.80380436088429,0.27315261823617,8.68598105717251,0.00320666924685254,0.0287083564329704
PPDPF,65.2542544591368,-0.40357905251482,0.127293613355743,10.2117475642716,0.00139548876828605,0.0141579067226571
HELZ2,9.09699720720325,3.24408092646588,0.412882880918546,79.2007417059607,5.61090104973929e-19,2.83757400416205e-17
GPX4,41.5433774460176,-0.940653819076154,0.169971899763657,30.6451126271632,3.09805991230969e-08,7.65845034292974e-07
ATP5D,34.5482348123307,-0.442803101125147,0.15563713293351,8.15845601515804,0.00428608445763918,0.0357623545741304
DAZAP1,8.59025784595559,-1.18545294847623,0.370703437885611,10.3567966918648,0.00128998852220495,0.0133533968118871
MOB3A,4.02400469250473,-1.24079072629997,0.419603215195677,9.4415599421791,0.00212122995176046,0.0200759263291615
IZUMO4,3.58228673805996,-1.43320463251877,0.542842245055796,7.63083579310563,0.00573787069765887,0.0454162405878017
OAZ1,329.363680385842,-0.424368446234515,0.0821132879750741,26.6607438646947,2.42498598737299e-07,5.48311678032289e-06
LSM7,50.9142700736876,-0.77809197424557,0.13577559908191,33.0944515441465,8.77888800560408e-09,2.29881948763348e-07
GADD45B,32.7653402066409,0.74197054773782,0.21146044582983,12.6519379359948,0.000375176574435272,0.00469857241140582
S1PR4,8.37153982400506,-0.975989441603135,0.326271039304161,9.8852503360262,0.00166608862902492,0.01654848151018
EEF2,144.506441322185,-0.60927052694316,0.117436923650202,26.7869128055737,2.27170605525983e-07,5.1896733158953e-06
DENND1C,1.63246023989417,-2.0239631308902,0.770124819870514,7.99362722287513,0.00469422778646972,0.038584688691516
C19orf66,20.6967631530192,2.41726360444262,0.237337584645534,115.19133077361,7.14593112032e-27,4.98334670232842e-25
CDKN2D,5.32786057424358,1.65415405834595,0.459110849161368,13.4668653993762,0.00024281363229789,0.00317286057982943
ACP5,30.1975987035969,-0.833817502244245,0.258767802685095,10.2545256234392,0.00136349690662981,0.0138758325751497
PRDX2,10.1172896614388,-1.00687114704886,0.272716542859473,14.2697309392879,0.000158391595646125,0.00218613400240745
LYL1,6.9418566207943,-1.52094450364576,0.350335956299518,19.8259384554609,8.48237627513394e-06,0.000151880386007466
IER2,74.004127488201,0.572344196158126,0.139352740211327,16.9853946927356,3.76684695876743e-05,0.000587184967101983
CACNA1A,4.3450947396397,4.99648776590736,0.75048467023427,66.1435755389969,4.19243925634915e-16,1.82729671534955e-14
TECR,6.89930159894403,-0.971064964727567,0.314263231804352,10.0811391907271,0.00149794694236318,0.0150590265450016
RAB8A,26.8031653789604,0.854921924735839,0.203920544924045,17.8023118499833,2.45085272701424e-05,0.000398941015146667
HSH2D,14.0137286475561,1.84647051966709,0.253343327214497,56.5942572730537,5.35680567494432e-14,2.08757868214742e-12
KLF2,5.32901877335485,-1.8157811002524,0.477164383969714,15.3303817078207,9.02532752755109e-05,0.00130309330049845
MYO9B,1.47305464118688,-2.21459812893149,0.782182625726649,9.29267109191548,0.00230072444701188,0.0215286715557256
BST2,109.043003823331,2.27932390871345,0.138570979795338,271.47838469199,5.40387073161853e-61,9.94462322138133e-59
CTD-2521M24.9,7.03224780284868,2.73485945678621,0.428867875544732,47.0249288976658,7.00895181774049e-12,2.33338220062969e-10
ARRDC2,9.103957251342,-1.51768402996729,0.297559062784296,27.7537178121241,1.37783162549337e-07,3.18053467557268e-06
LSM4,24.1048239395232,-0.549137188057188,0.172358951959325,10.4157984379272,0.00124941825121624,0.0130352691563899
FKBP8,14.0989401582883,-0.735266252152417,0.249828041989052,8.74809812886107,0.00309925111793198,0.0278974710004068
RPSAP58,19.2283079242922,-0.590876607790145,0.194613421594498,9.91308450037964,0.0016410784761616,0.0163490900820611
FXYD5,66.8427533416964,-0.960882677436384,0.153397957163755,38.8537798399975,4.56768608674259e-10,1.3569919428103e-08
USF2,2.88834219023686,-2.01544959451991,0.62297213091704,11.0444611704662,0.000889525526522498,0.00976286688995566
RBM42,15.2295090386331,-0.633518791580866,0.22562667289299,8.3512205310372,0.00385428337327361,0.0329904746097386
ECH1,28.6663312311215,-0.798606506489072,0.158624962778464,26.5172522038461,2.61195030249373e-07,5.8460036331152e-06
GMFG,22.0641048333999,-0.617935717365124,0.189289979383691,11.126465557546,0.000851046055265449,0.00939696686022266
AKT2,4.70687280100808,1.71040414604792,0.421598176110096,17.6607034324406,2.64025280451979e-05,0.000426626215364478
CD79A_ENSG00000105369,199.3017946007,-0.634786100636305,0.13041821454515,23.8592645188373,1.03641867786027e-06,2.10953830688726e-05
POU2F2,12.7492490172853,-0.888577110523581,0.306583263864925,8.53032269632635,0.00349277766612102,0.0306080053413383
RELB,11.3454457291369,-0.87281915562243,0.275414383601862,10.3234306847989,0.00131351899425123,0.0135335355161965
VASP,11.0486260767189,-1.02274954848299,0.282579130052036,13.7379012811492,0.000210170197211852,0.00279308513394028
EML2,1.94668841345403,-2.24926971807366,0.668178322533844,13.1872403751893,0.000281861649483653,0.00361886323222714
PRKD2,4.06658900638908,2.32109200653132,0.500001544443933,25.4002521825822,4.65857214477517e-07,1.00531076414122e-05
BBC3,0.999527499515259,-2.88170195267214,0.930185593126738,11.2934980942802,0.000777789953870649,0.00867484586598156
NAPA,20.1732700238672,1.92092715530781,0.220429525480392,80.9444838905969,2.32148649480237e-19,1.22062285937029e-17
EMP3,128.378074371443,-0.461743609518379,0.108158848170401,18.2110453202578,1.97728806697841e-05,0.000331563571444042
FTL,566.908545889426,-0.451835248358964,0.0816710805667579,30.5030342551552,3.33344734732257e-08,8.17929210222667e-07
PIH1D1,8.0778707572232,-0.912772636567645,0.29950739381807,9.47635323888726,0.0020813729594894,0.0197834947727651
RPL13A,1568.94169785136,-0.184607019763304,0.0587472259054985,9.86971852640283,0.001680212111704,0.0166140376717
IL4I1,1.46397583388472,2.13368168124701,0.789949787510417,8.16176221017283,0.00427827815411166,0.0357422355245772
SIGLEC14,1.08095031006737,2.64214718110087,0.932875650850569,9.23492051823924,0.00237442708870376,0.0220625237905503
ZNF524,2.60043570726644,-1.58999462704976,0.561075622349157,8.64103592652014,0.00328674489411922,0.0291885856883912
SDF2L1,15.2094435255975,-0.754983185102193,0.279953425525271,7.45649338438908,0.0063208017211684,0.049207181436828
CHCHD10,8.53289048699682,-1.23065494443286,0.298456887182328,17.831730462084,2.41325149251854e-05,0.00039468582928961
XBP1,38.2404465265729,0.937895430552126,0.157354063631726,35.710254680147,2.28955649419489e-09,6.29390530043202e-08
TBC1D10A,1.68630403781082,-2.32804755726696,0.73699428852324,11.5961865921388,0.000660871936439982,0.00761439405028675
PIK3IP1,16.2604523837528,-1.4708368798298,0.224608763603437,46.0184368465075,1.17145342298238e-11,3.88043946362912e-10
RTCB,38.8960636704423,1.93430312756487,0.170908875075993,134.487566844085,4.2738924933246e-31,3.4529924107653e-29
FBXO7,23.5406041960846,0.932945941662876,0.19138016607718,23.932902051859,9.97522753924715e-07,2.04600255255456e-05
MCM5,11.734196548308,-1.08413380738024,0.358229766270897,9.19419970915166,0.00242783212933977,0.0225252650702239
APOL6,6.41815489310753,4.06487371511384,0.554591266534556,82.3739623896586,1.12627740058338e-19,6.11605555644662e-18
APOL3,5.50149263514937,1.49730566462412,0.362562830028287,18.3877365805249,1.80214115442945e-05,0.000303796059747966
APOL2,3.30217007475136,2.07723512696265,0.566587439622602,14.264303860489,0.000158848964184244,0.0021878885399597
APOL1,1.54542411590325,2.84510929989604,0.840142767542426,13.2322828126429,0.000275168478772679,0.00355358902898441
EIF3D,30.5000439844333,-0.689167175140601,0.170222206894268,16.5661246494284,4.69827873577217e-05,0.000716843638093579
RAC2,24.8759490761343,1.06708509375879,0.209130901129252,26.5572889344814,2.55837639935082e-07,5.74550632057599e-06
LGALS1,33.4245328765803,-0.994186993847096,0.250314381356578,15.4454791944936,8.49198325727529e-05,0.00123105884200107
EIF3L,42.5257934018019,-0.840228750453592,0.139238357853924,36.8914993857787,1.24889277127277e-09,3.5208147275243e-08
APOBEC3A_ENSG00000128383,4.07446035376805,4.62178563284532,0.701085441085493,69.0532340704247,9.58412439909042e-17,4.31937579210708e-15
APOBEC3G,43.6916779714528,0.607066462166054,0.149462103759491,16.6809677633775,4.42224416029092e-05,0.000676613569559523
APOBEC3H,1.91771905172189,2.728760897018,0.765744728220495,15.2274448262697,9.53082129385581e-05,0.00136670326995227
RPL3,1443.61546146485,-0.356128881879943,0.0785695400423799,20.4806288464403,6.02378171061439e-06,0.000110241861416631
RBX1,46.4342606028042,0.701250748800053,0.1283127610105,30.1574124051998,3.9836171339195e-08,9.70274393831496e-07
DESI1,9.59294726234625,0.898747893037328,0.295911953839982,9.38527303250707,0.0021873547376486,0.0206427708503162
PRR5,2.45314187046008,3.17968261544831,0.684045660146601,27.3231415945885,1.72138883097034e-07,3.95979201568698e-06
TTC38,1.15090865694402,2.49603047640769,0.850455461592743,9.69474855825941,0.00184795367428199,0.0180304758352256
CERK,2.32295262657263,-1.96868235492553,0.680365597270672,9.14850075504889,0.00248921937296608,0.023000109269038
PIM3,29.3213027950129,-0.553043795639128,0.181882510898466,9.51184811324271,0.00204149452365547,0.0195729395357706
TYMP,72.0070347180618,1.68111826343642,0.142946055443386,138.745428063525,5.00689128253601e-32,4.14633184335013e-30
ODF3B,5.13655529048663,1.6580340361724,0.412910274232332,17.4960883273376,2.8789941747488e-05,0.000460708608881903
CTA-384D8.34,5.00839664107925,1.9280579889937,0.471492437170367,17.8273968057478,2.41875391232576e-05,0.00039468582928961
BTG3,9.75970778086544,1.40962353362071,0.285951261845021,25.5695785456635,4.26714182092548e-07,9.23850149138278e-06
SOD1,68.071264873371,-0.386065459449377,0.133932429604788,8.44866446920997,0.00365311606376732,0.0316778716262545
SCAF4,4.09758825743117,-1.37175327130202,0.476357421345819,8.64164623548993,0.00328564404988205,0.0291885856883912
CBR1,14.0363812500479,0.998934945624814,0.229093705365623,19.7298755279959,8.91960035331602e-06,0.000158850409518061
TTC3,15.6045078565225,-1.1899344774828,0.253642836225168,22.3586990033976,2.26186186303552e-06,4.35605664029369e-05
MX2,41.2429732486637,4.11793885098309,0.245386839916798,381.845002804606,4.93489219328423e-85,1.6346830390254e-82
MX1,172.110350745751,4.88526147171913,0.473487228676002,83.5463871496848,6.22382817013816e-20,3.43607180226378e-18
