genes,cluster
HES4,1
ISG15,1
MIB2,2
PARK7,2
SPSB1,1
SRM,2
FBXO6,1
AKR7A2,2
SH3BGRL3,2
FGR,2
IFI6,1
THEMIS2,1
HDAC1,2
MEAF6,2
PPT1,2
YBX1,2
NRD1,1
NEXN,1
IFI44L,1
IFI44,1
GNG5,1
ODF2L,1
SH3GLB1,1
LMO4,1
GBP3,1
GBP1,1
GBP2,1
GBP4,1
GBP5,1
RPL5,2
TMED5,1
PSMA5,1
CD53,1
MOV10,1
MCL1,1
CTSS,1
S100A11,1
S100A6,2
S100A4,2
ADAR,1
IFI16,1
AIM2,1
TAGLN2,2
CD48,1
SLAMF7,1
FCGR3A,2
SELL,1
FASLG,1
RABGAP1L,1
RGS1,1
TARBP1,1
RPS7,2
CMPK2,1
RSAD2,1
PDIA6,1
EIF2AK2,1
GALM,1
PNPT1,1
PCBP1,1
MTHFD2,1
TMSB10,1
VAMP5,1
TMEM150A,2
DUSP2,2
ARID5A,1
IL18RAP,1
IL1RN,1
PTPN4,1
GYPC,2
NMI,1
CYTIP,1
IFIH1,1
GPR155,1
WIPF1,1
STAT1,1
SPATS2L,1
CFLAR,1
CASP10,1
CTDSP1,2
SP110,1
SP140,1
SP100,1
ITM2C,2
PTMA,2
RAMP1,2
RPL15,2
AZI2,1
TRANK1,1
MYD88,1
RPSA,2
CCR1,1
TREX1,1
SHISA5,1
IMPDH2,2
GPX1,2
MANF_ENSG00000145050,1
ABHD14A,2
SELK,1
ARL6IP5,2
FRMD4B,1
CLDND1,1
BBX,1
CD47,1
PARP9,1
DTX3L,1
PARP14,1
XRN1,1
PLSCR1,1
GPR171,1
TIPARP,1
TNFSF10,1
LAMP3,1
MAGEF1,2
DNAJB11,1
RTP4,1
NRROS,2
SPON2,2
CD38,1
FGFBP2,2
LAP3,1
PI4K2B,1
TBC1D1,1
HOPX,2
IGFBP7,1
STAP1,1
DCK,1
IL8,2
CXCL10,1
CXCL11,1
SCARB2,1
PLAC8,1
PPM1K,1
HERC6,1
HERC5,1
PYURF,1
SNHG8,2
C4orf3,1
RPS3A,2
DDX60,1
DDX60L,1
SPCS3,1
IRF2,1
LPCAT1,2
SUB1,1
ANXA2R,1
GZMK,1
GZMA,1
GPBP1,1
GLRX,1
HINT1,2
C5orf56,1
CXXC5,2
HAVCR2,1
NPM1,2
GNB2L1,2
EXOC2,1
TMEM14C,2
TMEM14B,2
GMPR,1
TRIM38,1
RPP21_ENSG00000241370,2
HLA.E_ENSG00000204592,1
HLA.C_ENSG00000204525,1
C6orf48_ENSG00000204387,2
TAP2_ENSG00000204267,1
PSMB8_ENSG00000204264,1
PSMB9_ENSG00000240065,1
TAP1_ENSG00000168394,1
TAPBP_ENSG00000231925,1
RPL10A,2
ETV7,1
PIM1,1
CMTR1,1
DNPH1,2
EEF1A1,2
FAM46A,1
CD164,1
NT5DC1,2
L3MBTL3,1
UTRN,1
DYNLT1,1
TAGAP,1
C7orf50,2
CHST12,1
KDELR2,1
C1GALT1,1
KBTBD2,1
NT5C3A,1
PSMA2_ENSG00000106588,1
BLVRA,1
ANKIB1,1
SAMD9,1
SAMD9L,1
TRIM56,1
DNAJB9,1
BPGM,1
TMEM140,1
ZC3HAV1,1
PARP12,1
MKRN1,1
REPIN1,2
LINC00996,2
GIMAP4,1
NUB1,1
ZRSR2,1
SAT1,1
CXorf21,1
SLC38A5_ENSG00000017483,1
PIM2_ENSG00000102096,1
CXCR3,2
ITM2A,2
RPL10_ENSG00000147403,2
LAGE3_ENSG00000196976,2
PPP2R2A,1
EIF4EBP1,2
IDO1,1
TRAM1,1
RPL7,2
DERL1,1
LY6E,1
GSDMD,1
PARP10_ENSG00000178685,1
TTC39B,1
RPS6,2
DDX58,1
DNAJA1,1
BAG1,1
CHMP5,1
ANXA1,1
CTSL,1
C9orf89,2
TDRD7,1
TRIM14,1
SEC61B,1
STOM,1
RBM18,1
HSPA5,1
SETX,1
RALGDS,2
SURF4_ENSG00000148248,1
FCN1,1
DPP7,2
KLF6,1
AKR1C3_ENSG00000196139,1
IL15RA,1
IL2RA,1
VIM,2
MAP3K8,1
HNRNPF,1
PRF1,1
ANAPC16,2
ACTA2,1
FAS,1
IFIT2,1
IFIT3,1
IFIT1,1
IFIT5,1
PCGF5,1
PIK3AP1,1
SLC25A28,1
DUSP5,1
UROS,2
IFITM2,1
IFITM1,1
IFITM3,1
IRF7,1
PNPLA2,2
CTSD,2
TRIM21,1
TRIM5,1
TRIM22,1
EIF3F,2
DENND5A,1
LDHA,2
PRR5L,2
CD82,2
MDK,1
UBE2L6,1
TMEM258,1
WDR74,2
RARRES3,1
PRDX5,2
NEAT1,1
CFL1,1
DRAP1,1
CCS,2
RAD9A,1
PTPRCAP,2
TMEM134,2
CDK2AP2,1
GSTP1,2
UNC93B1,1
SPCS2,1
ENDOD1_ENSG00000149218,1
TMEM123,1
CASP4,1
CASP1,1
CARD16,1
RBM7,1
AMICA1,2
HSPA8,1
PARP11,1
CCND2,1
NDUFA9,1
GAPDH,2
LAG3,1
C3AR1,1
CLEC2D,1
CD69,1
CLEC2B,1
KLRD1,1
FKBP11,1
TMBIM6,1
SMAGP,1
KRT86,2
KRT81,2
HNRNPA1,2
STAT2,1
NACA,2
USP15,1
HELB,1
IFNG,1
RP11.81H14.2,1
HSP90B1,1
C12orf45,2
ISCU,2
USP30.AS1,1
PPP1CC,1
TRAFD1,1
RPL6,2
OAS1,1
OAS3,1
OAS2,1
PEBP1,2
RPLP0,2
COX6A1,1
OASL,1
ANAPC5_ENSG00000089053,2
VPS37B,1
ARL6IP4,2
TMED2,1
UBC,1
GTF3A,2
POMP,1
ALOX5AP,1
ELF1,1
RGCC,2
EPSTI1,1
LCP1,1
PHF11,1
MYCBP2,1
GPR180,1
TNFSF13B,1
APEX1,2
PSME1,1
PSME2,1
IRF9,1
TINF2,1
GZMB,1
SNX6,1
RPL36AL,1
CNIH1,2
GCH1,1
PSMA3,1
L3HYPDH,1
HIF1A,1
SYNE2,1
NPC2,1
WARS,1
PPP2R5C,1
HSP90AA1,1
GCHFR,2
EHD4,1
CCNDBP1,2
PDIA3,1
B2M,1
TRIM69,1
SQRDL,1
LYSMD2,1
ANXA2,1
PPIB,1
RPL4,2
ANP32A,2
PML,1
IMP3,2
PSMA4,1
IL16,2
ISG20,1
HAPLN3,1
IDH2,1
FES,1
VIMP,1
NME3,2
SOCS1,1
UQCRC2,2
GTF3C1,2
MVP,1
YPEL3,2
CORO1A,2
ORAI3,2
N4BP1,1
CYLD,1
MT2A,1
HERPUD1,1
TRADD,1
TMEM170A,1
COX4I1,2
CYBA,2
APRT,2
FANCA,1
XAF1,1
ACADVL,2
CHRNB1,1
CD68,1
VAMP2,2
MAP2K3,2
LGALS9,1
CCL2,1
CCL7,1
CCL8,1
SLFN5,1
RP11.47L3.1,2
CNP_ENSG00000173786,1
DHX58_ENSG00000108771,1
STAT3,1
IFI35,1
SLC25A39,2
KPNB1,1
CALCOCO2,1
ABI3,2
LRRC59,1
TRIM25,1
ICAM2,1
CD300A,2
H3F3B,1
SPHK1,1
SEPT9_ENSG00000184640,2
TMC6,2
SOCS3,1
LGALS3BP,1
RNF213,1
SMCHD1,1
LPIN2,1
MYL12A,1
C18orf25,1
RPL17,2
PMAIP1,1
CNDP2,1
RBCK1,1
MRPS26,2
CST7,2
APMAP,2
HM13,1
SAMHD1,1
CTSA,2
DDX27,2
ZNFX1,1
ZBP1,1
OGFR,1
PPDPF,2
HELZ2,1
GZMM,2
GPX4,2
ATP5D,2
CIRBP,2
MUM1,2
GADD45B,1
MATK,2
EEF2,2
DENND1C,2
C19orf59,2
C19orf66,1
EIF3G,2
PRDX2,2
TECR,2
TPM4,1
RAB8A,1
HSH2D,1
BST2,1
CTD.2521M24.9,1
LSM4,2
C19orf60,2
PLEKHF1,2
FXYD5,2
SIRT2,2
PRKD2,1
BBC3,2
NAPA,1
NUCB1,1
PRMT1,2
HSPBP1,2
SDF2L1,1
XBP1,1
HMOX1,1
APOL6,1
EIF3L,2
SUN2,2
APOBEC3A_ENSG00000128383,1
APOBEC3B,1
RPL3,2
PRR5,1
CRELD2,1
TYMP,1
ODF3B,1
MIR155HG,1
IFNAR2,2
TTC3,2
MX2,1
MX1,1
ITGB2,2
